survived,pclass,sex,age,sibsp,parch,fare,embarked,class,who,adult_male,deck,embark_town,alive,alone,age_fill_mean,fare_log
0,3,male,22.0,1,0,7.25,S,Third,man,True,,Southampton,no,False,22.0,2.1102132003465894
1,1,female,38.0,1,0,71.2833,C,First,woman,False,C,Cherbourg,yes,False,38.0,4.2805931204649
1,3,female,26.0,0,0,7.925,S,Third,woman,False,,Southampton,yes,True,26.0,2.188856327665703
1,1,female,35.0,1,0,53.1,S,First,woman,False,C,Southampton,yes,False,35.0,3.9908341858524357
0,3,male,35.0,0,0,8.05,S,Third,man,True,,Southampton,no,True,35.0,2.2027647577118348
0,3,male,,0,0,8.4583,Q,Third,man,True,,Queenstown,no,True,28.0,2.246892662898172
0,1,male,54.0,0,0,51.8625,S,First,man,True,E,Southampton,no,True,54.0,3.967694202798607
0,3,male,2.0,3,1,21.075,S,Third,child,False,,Southampton,no,False,2.0,3.094445746490024
1,3,female,27.0,0,2,11.1333,S,Third,woman,False,,Southampton,yes,False,27.0,2.4959537387180646
1,2,female,14.0,1,0,30.0708,C,Second,child,False,,Cherbourg,yes,False,14.0,3.436268471383741
1,3,female,4.0,1,1,16.7,S,Third,child,False,G,Southampton,yes,False,4.0,2.8735646395797834
1,1,female,58.0,0,0,26.55,S,First,woman,False,C,Southampton,yes,True,58.0,3.3160025355989236
0,3,male,20.0,0,0,8.05,S,Third,man,True,,Southampton,no,True,20.0,2.2027647577118348
0,3,male,39.0,1,5,31.275,S,Third,man,True,,Southampton,no,False,39.0,3.4742929367327062
0,3,female,14.0,0,0,7.8542,S,Third,child,False,,Southampton,no,True,14.0,2.180891922715322
1,2,female,55.0,0,0,16.0,S,Second,woman,False,,Southampton,yes,True,55.0,2.833213344056216
0,3,male,2.0,4,1,29.125,Q,Third,child,False,,Queenstown,no,False,2.0,3.405355391810819
1,2,male,,0,0,13.0,S,Second,man,True,,Southampton,yes,True,28.0,2.639057329615259
0,3,female,31.0,1,0,18.0,S,Third,woman,False,,Southampton,no,False,31.0,2.9444389791664403
1,3,female,,0,0,7.225,C,Third,woman,False,,Cherbourg,yes,True,28.0,2.1071782966514356
0,2,male,35.0,0,0,26.0,S,Second,man,True,,Southampton,no,True,35.0,3.295836866004329
1,2,male,34.0,0,0,13.0,S,Second,man,True,D,Southampton,yes,True,34.0,2.639057329615259
1,3,female,15.0,0,0,8.0292,Q,Third,child,False,,Queenstown,yes,True,15.0,2.2004637699272855
1,1,male,28.0,0,0,35.5,S,First,man,True,A,Southampton,yes,True,28.0,3.597312260588446
0,3,female,8.0,3,1,21.075,S,Third,child,False,,Southampton,no,False,8.0,3.094445746490024
1,3,female,38.0,1,5,31.3875,S,Third,woman,False,,Southampton,yes,False,38.0,3.4777725458882283
0,3,male,,0,0,7.225,C,Third,man,True,,Cherbourg,no,True,28.0,2.1071782966514356
0,1,male,19.0,3,2,263.0,S,First,man,True,C,Southampton,no,False,19.0,5.575949103146316
1,3,female,,0,0,7.8792,Q,Third,woman,False,,Queenstown,yes,True,28.0,2.1837114628556327
0,3,male,,0,0,7.8958,S,Third,man,True,,Southampton,no,True,28.0,2.1855792552411137
0,1,male,40.0,0,0,27.7208,C,First,man,True,,Cherbourg,no,True,40.0,3.357621598945279
1,1,female,,1,0,146.5208,C,First,woman,False,B,Cherbourg,yes,False,28.0,4.993969182787072
1,3,female,,0,0,7.75,Q,Third,woman,False,,Queenstown,yes,True,28.0,2.169053700369523
0,2,male,66.0,0,0,10.5,S,Second,man,True,,Southampton,no,True,66.0,2.4423470353692043
0,1,male,28.0,1,0,82.1708,C,First,man,True,,Cherbourg,no,False,28.0,4.420896324687287
0,1,male,42.0,1,0,52.0,S,First,man,True,,Southampton,no,False,42.0,3.970291913552122
1,3,male,,0,0,7.2292,C,Third,man,True,,Cherbourg,yes,True,28.0,2.1076888046179385
0,3,male,21.0,0,0,8.05,S,Third,man,True,,Southampton,no,True,21.0,2.2027647577118348
0,3,female,18.0,2,0,18.0,S,Third,woman,False,,Southampton,no,False,18.0,2.9444389791664403
1,3,female,14.0,1,0,11.2417,C,Third,child,False,,Cherbourg,yes,False,14.0,2.5048481563289
0,3,female,40.0,1,0,9.475,S,Third,woman,False,,Southampton,no,False,40.0,2.3489914658082016
0,2,female,27.0,1,0,21.0,S,Second,woman,False,,Southampton,no,False,27.0,3.091042453358316
0,3,male,,0,0,7.8958,C,Third,man,True,,Cherbourg,no,True,28.0,2.1855792552411137
1,2,female,3.0,1,2,41.5792,C,Second,child,False,,Cherbourg,yes,False,3.0,3.7513658711253766
1,3,female,19.0,0,0,7.8792,Q,Third,woman,False,,Queenstown,yes,True,19.0,2.1837114628556327
0,3,male,,0,0,8.05,S,Third,man,True,,Southampton,no,True,28.0,2.2027647577118348
0,3,male,,1,0,15.5,Q,Third,man,True,,Queenstown,no,False,28.0,2.803360380906535
1,3,female,,0,0,7.75,Q,Third,woman,False,,Queenstown,yes,True,28.0,2.169053700369523
0,3,male,,2,0,21.6792,C,Third,man,True,,Cherbourg,no,False,28.0,3.121448204868825
0,3,female,18.0,1,0,17.8,S,Third,woman,False,,Southampton,no,False,18.0,2.9338568698359033
0,3,male,7.0,4,1,39.6875,S,Third,child,False,,Southampton,no,False,7.0,3.705920919968788
0,3,male,21.0,0,0,7.8,S,Third,man,True,,Southampton,no,True,21.0,2.174751721484161
1,1,female,49.0,1,0,76.7292,C,First,woman,False,D,Cherbourg,yes,False,49.0,4.353230991152628
1,2,female,29.0,1,0,26.0,S,Second,woman,False,,Southampton,yes,False,29.0,3.295836866004329
0,1,male,65.0,0,1,61.9792,C,First,man,True,B,Cherbourg,no,False,65.0,4.142804513146981
1,1,male,,0,0,35.5,S,First,man,True,C,Southampton,yes,True,28.0,3.597312260588446
1,2,female,21.0,0,0,10.5,S,Second,woman,False,,Southampton,yes,True,21.0,2.4423470353692043
0,3,male,28.5,0,0,7.2292,C,Third,man,True,,Cherbourg,no,True,28.5,2.1076888046179385
1,2,female,5.0,1,2,27.75,S,Second,child,False,,Southampton,yes,False,5.0,3.3586377672433594
0,3,male,11.0,5,2,46.9,S,Third,child,False,,Southampton,no,False,11.0,3.8691155044168695
0,3,male,22.0,0,0,7.2292,C,Third,man,True,,Cherbourg,no,True,22.0,2.1076888046179385
1,1,female,38.0,0,0,80.0,S,First,woman,False,B,,yes,True,38.0,4.394449154672439
0,1,male,45.0,1,0,83.475,S,First,man,True,C,Southampton,no,False,45.0,4.436455632600354
0,3,male,4.0,3,2,27.9,S,Third,child,False,,Southampton,no,False,4.0,3.3638415951183864
0,1,male,,0,0,27.7208,C,First,man,True,,Cherbourg,no,True,28.0,3.357621598945279
1,3,male,,1,1,15.2458,C,Third,man,True,,Cherbourg,yes,False,28.0,2.7878344138303452
1,2,female,29.0,0,0,10.5,S,Second,woman,False,F,Southampton,yes,True,29.0,2.4423470353692043
0,3,male,19.0,0,0,8.1583,S,Third,man,True,,Southampton,no,True,19.0,2.2146605719425225
1,3,female,17.0,4,2,7.925,S,Third,woman,False,,Southampton,yes,False,17.0,2.188856327665703
0,3,male,26.0,2,0,8.6625,S,Third,man,True,,Southampton,no,False,26.0,2.2682524139135403
0,2,male,32.0,0,0,10.5,S,Second,man,True,,Southampton,no,True,32.0,2.4423470353692043
0,3,female,16.0,5,2,46.9,S,Third,woman,False,,Southampton,no,False,16.0,3.8691155044168695
0,2,male,21.0,0,0,73.5,S,Second,man,True,,Southampton,no,True,21.0,4.310799125385514
0,3,male,26.0,1,0,14.4542,C,Third,man,True,,Cherbourg,no,False,26.0,2.737880811060884
1,3,male,32.0,0,0,56.4958,S,Third,man,True,,Southampton,yes,True,32.0,4.051711901657239
0,3,male,25.0,0,0,7.65,S,Third,man,True,F,Southampton,no,True,25.0,2.157559320943788
0,3,male,,0,0,7.8958,S,Third,man,True,,Southampton,no,True,28.0,2.1855792552411137
0,3,male,,0,0,8.05,S,Third,man,True,,Southampton,no,True,28.0,2.2027647577118348
1,2,male,0.83,0,2,29.0,S,Second,child,False,,Southampton,yes,False,0.83,3.4011973816621555
1,3,female,30.0,0,0,12.475,S,Third,woman,False,,Southampton,yes,True,30.0,2.600836116795061
0,3,male,22.0,0,0,9.0,S,Third,man,True,,Southampton,no,True,22.0,2.302585092994046
1,3,male,29.0,0,0,9.5,S,Third,man,True,,Southampton,yes,True,29.0,2.3513752571634776
1,3,female,,0,0,7.7875,Q,Third,woman,False,,Queenstown,yes,True,28.0,2.1733302571367834
0,1,male,28.0,0,0,47.1,S,First,man,True,,Southampton,no,True,28.0,3.8732821771117156
1,2,female,17.0,0,0,10.5,S,Second,woman,False,,Southampton,yes,True,17.0,2.4423470353692043
1,3,female,33.0,3,0,15.85,S,Third,woman,False,,Southampton,yes,False,33.0,2.8243506567983707
0,3,male,16.0,1,3,34.375,S,Third,man,True,,Southampton,no,False,16.0,3.5660053559634015
0,3,male,,0,0,8.05,S,Third,man,True,,Southampton,no,True,28.0,2.2027647577118348
1,1,female,23.0,3,2,263.0,S,First,woman,False,C,Southampton,yes,False,23.0,5.575949103146316
0,3,male,24.0,0,0,8.05,S,Third,man,True,,Southampton,no,True,24.0,2.2027647577118348
0,3,male,29.0,0,0,8.05,S,Third,man,True,,Southampton,no,True,29.0,2.2027647577118348
0,3,male,20.0,0,0,7.8542,S,Third,man,True,,Southampton,no,True,20.0,2.180891922715322
0,1,male,46.0,1,0,61.175,S,First,man,True,E,Southampton,no,False,46.0,4.1299529896894684
0,3,male,26.0,1,2,20.575,S,Third,man,True,,Southampton,no,False,26.0,3.0715352369694915
0,3,male,59.0,0,0,7.25,S,Third,man,True,,Southampton,no,True,59.0,2.1102132003465894
0,3,male,,0,0,8.05,S,Third,man,True,,Southampton,no,True,28.0,2.2027647577118348
0,1,male,71.0,0,0,34.6542,C,First,man,True,A,Cherbourg,no,True,71.0,3.57386695198272
1,1,male,23.0,0,1,63.3583,C,First,man,True,D,Cherbourg,yes,False,23.0,4.164465907853638
1,2,female,34.0,0,1,23.0,S,Second,woman,False,,Southampton,yes,False,34.0,3.1780538303479458
0,2,male,34.0,1,0,26.0,S,Second,man,True,,Southampton,no,False,34.0,3.295836866004329
0,3,female,28.0,0,0,7.8958,S,Third,woman,False,,Southampton,no,True,28.0,2.1855792552411137
0,3,male,,0,0,7.8958,S,Third,man,True,,Southampton,no,True,28.0,2.1855792552411137
0,1,male,21.0,0,1,77.2875,S,First,man,True,D,Southampton,no,False,21.0,4.360387947851531
0,3,male,33.0,0,0,8.6542,S,Third,man,True,,Southampton,no,True,33.0,2.267393053825037
0,3,male,37.0,2,0,7.925,S,Third,man,True,,Southampton,no,False,37.0,2.188856327665703
0,3,male,28.0,0,0,7.8958,S,Third,man,True,,Southampton,no,True,28.0,2.1855792552411137
1,3,female,21.0,0,0,7.65,S,Third,woman,False,,Southampton,yes,True,21.0,2.157559320943788
1,3,male,,0,0,7.775,S,Third,man,True,,Southampton,yes,True,28.0,2.1719067693519296
0,3,male,38.0,0,0,7.8958,S,Third,man,True,,Southampton,no,True,38.0,2.1855792552411137
1,3,female,,1,0,24.15,Q,Third,woman,False,,Queenstown,yes,False,28.0,3.224857896545748
0,1,male,47.0,0,0,52.0,S,First,man,True,C,Southampton,no,True,47.0,3.970291913552122
0,3,female,14.5,1,0,14.4542,C,Third,child,False,,Cherbourg,no,False,14.5,2.737880811060884
0,3,male,22.0,0,0,8.05,S,Third,man,True,,Southampton,no,True,22.0,2.2027647577118348
0,3,female,20.0,1,0,9.825,S,Third,woman,False,,Southampton,no,False,20.0,2.3818582738885534
0,3,female,17.0,0,0,14.4583,C,Third,woman,False,,Cherbourg,no,True,17.0,2.738146075922933
0,3,male,21.0,0,0,7.925,S,Third,man,True,,Southampton,no,True,21.0,2.188856327665703
0,3,male,70.5,0,0,7.75,Q,Third,man,True,,Queenstown,no,True,70.5,2.169053700369523
0,2,male,29.0,1,0,21.0,S,Second,man,True,,Southampton,no,False,29.0,3.091042453358316
0,1,male,24.0,0,1,247.5208,C,First,man,True,B,Cherbourg,no,False,24.0,5.515526544247129
0,3,female,2.0,4,2,31.275,S,Third,child,False,,Southampton,no,False,2.0,3.4742929367327062
0,2,male,21.0,2,0,73.5,S,Second,man,True,,Southampton,no,False,21.0,4.310799125385514
0,3,male,,0,0,8.05,S,Third,man,True,,Southampton,no,True,28.0,2.2027647577118348
0,2,male,32.5,1,0,30.0708,C,Second,man,True,,Cherbourg,no,False,32.5,3.436268471383741
1,2,female,32.5,0,0,13.0,S,Second,woman,False,E,Southampton,yes,True,32.5,2.639057329615259
0,1,male,54.0,0,1,77.2875,S,First,man,True,D,Southampton,no,False,54.0,4.360387947851531
1,3,male,12.0,1,0,11.2417,C,Third,child,False,,Cherbourg,yes,False,12.0,2.5048481563289
0,3,male,,0,0,7.75,Q,Third,man,True,,Queenstown,no,True,28.0,2.169053700369523
1,3,male,24.0,0,0,7.1417,S,Third,man,True,,Southampton,yes,True,24.0,2.0969990034181696
1,3,female,,1,1,22.3583,C,Third,woman,False,F,Cherbourg,yes,False,28.0,3.1509523813392697
0,3,male,45.0,0,0,6.975,S,Third,man,True,,Southampton,no,True,45.0,2.076311648670908
0,3,male,33.0,0,0,7.8958,C,Third,man,True,,Cherbourg,no,True,33.0,2.1855792552411137
0,3,male,20.0,0,0,7.05,S,Third,man,True,,Southampton,no,True,20.0,2.085672091430472
0,3,female,47.0,1,0,14.5,S,Third,woman,False,,Southampton,no,False,47.0,2.740840023925201
1,2,female,29.0,1,0,26.0,S,Second,woman,False,,Southampton,yes,False,29.0,3.295836866004329
0,2,male,25.0,0,0,13.0,S,Second,man,True,,Southampton,no,True,25.0,2.639057329615259
0,2,male,23.0,0,0,15.0458,C,Second,man,True,,Cherbourg,no,True,23.0,2.775447133088262
1,1,female,19.0,0,2,26.2833,S,First,woman,False,D,Southampton,yes,False,19.0,3.3062747934011893
0,1,male,37.0,1,0,53.1,S,First,man,True,C,Southampton,no,False,37.0,3.9908341858524357
0,3,male,16.0,0,0,9.2167,S,Third,man,True,,Southampton,no,True,16.0,2.3240236363515288
0,1,male,24.0,0,0,79.2,C,First,man,True,B,Cherbourg,no,True,24.0,4.384523514872469
0,3,female,,0,2,15.2458,C,Third,woman,False,,Cherbourg,no,False,28.0,2.7878344138303452
1,3,female,22.0,0,0,7.75,S,Third,woman,False,,Southampton,yes,True,22.0,2.169053700369523
1,3,female,24.0,1,0,15.85,S,Third,woman,False,,Southampton,yes,False,24.0,2.8243506567983707
0,3,male,19.0,0,0,6.75,Q,Third,man,True,,Queenstown,no,True,19.0,2.0476928433652555
0,2,male,18.0,0,0,11.5,S,Second,man,True,,Southampton,no,True,18.0,2.5257286443082556
0,2,male,19.0,1,1,36.75,S,Second,man,True,,Southampton,no,False,19.0,3.6309854756950335
1,3,male,27.0,0,0,7.7958,S,Third,man,True,,Southampton,yes,True,27.0,2.174274334826008
0,3,female,9.0,2,2,34.375,S,Third,child,False,,Southampton,no,False,9.0,3.5660053559634015
0,2,male,36.5,0,2,26.0,S,Second,man,True,F,Southampton,no,False,36.5,3.295836866004329
0,2,male,42.0,0,0,13.0,S,Second,man,True,,Southampton,no,True,42.0,2.639057329615259
0,2,male,51.0,0,0,12.525,S,Second,man,True,,Southampton,no,True,51.0,2.6045398247325453
1,1,female,22.0,1,0,66.6,S,First,woman,False,C,Southampton,yes,False,22.0,4.213607983048918
0,3,male,55.5,0,0,8.05,S,Third,man,True,,Southampton,no,True,55.5,2.2027647577118348
0,3,male,40.5,0,2,14.5,S,Third,man,True,,Southampton,no,False,40.5,2.740840023925201
0,3,male,,0,0,7.3125,S,Third,man,True,,Southampton,no,True,28.0,2.1177604059819726
0,1,male,51.0,0,1,61.3792,C,First,man,True,,Cherbourg,no,False,51.0,4.133231886474144
1,3,female,16.0,0,0,7.7333,Q,Third,woman,False,,Queenstown,yes,True,16.0,2.167143305297764
0,3,male,30.0,0,0,8.05,S,Third,man,True,,Southampton,no,True,30.0,2.2027647577118348
0,3,male,,0,0,8.6625,S,Third,man,True,,Southampton,no,True,28.0,2.2682524139135403
0,3,male,,8,2,69.55,S,Third,man,True,,Southampton,no,False,28.0,4.256321678298823
0,3,male,44.0,0,1,16.1,S,Third,man,True,,Southampton,no,False,44.0,2.8390784635086144
1,2,female,40.0,0,0,15.75,S,Second,woman,False,,Southampton,yes,True,40.0,2.8183982582710754
0,3,male,26.0,0,0,7.775,S,Third,man,True,,Southampton,no,True,26.0,2.1719067693519296
0,3,male,17.0,0,0,8.6625,S,Third,man,True,,Southampton,no,True,17.0,2.2682524139135403
0,3,male,1.0,4,1,39.6875,S,Third,child,False,,Southampton,no,False,1.0,3.705920919968788
1,3,male,9.0,0,2,20.525,S,Third,child,False,,Southampton,yes,False,9.0,3.0692150503137943
1,1,female,,0,1,55.0,S,First,woman,False,E,Southampton,yes,False,28.0,4.02535169073515
0,3,female,45.0,1,4,27.9,S,Third,woman,False,,Southampton,no,False,45.0,3.3638415951183864
0,1,male,,0,0,25.925,S,First,man,True,,Southampton,no,True,28.0,3.2930552230424524
0,3,male,28.0,0,0,56.4958,S,Third,man,True,,Southampton,no,True,28.0,4.051711901657239
0,1,male,61.0,0,0,33.5,S,First,man,True,B,Southampton,no,True,61.0,3.5409593240373143
0,3,male,4.0,4,1,29.125,Q,Third,child,False,,Queenstown,no,False,4.0,3.405355391810819
1,3,female,1.0,1,1,11.1333,S,Third,child,False,,Southampton,yes,False,1.0,2.4959537387180646
0,3,male,21.0,0,0,7.925,S,Third,man,True,,Southampton,no,True,21.0,2.188856327665703
0,1,male,56.0,0,0,30.6958,C,First,man,True,A,Cherbourg,no,True,56.0,3.4561841799918147
0,3,male,18.0,1,1,7.8542,S,Third,man,True,,Southampton,no,False,18.0,2.180891922715322
0,3,male,,3,1,25.4667,S,Third,man,True,,Southampton,no,False,28.0,3.275887339030031
0,1,female,50.0,0,0,28.7125,C,First,woman,False,C,Cherbourg,no,True,50.0,3.391567832686312
0,2,male,30.0,0,0,13.0,S,Second,man,True,,Southampton,no,True,30.0,2.639057329615259
0,3,male,36.0,0,0,0.0,S,Third,man,True,,Southampton,no,True,36.0,0.0
0,3,female,,8,2,69.55,S,Third,woman,False,,Southampton,no,False,28.0,4.256321678298823
0,2,male,,0,0,15.05,C,Second,man,True,,Cherbourg,no,True,28.0,2.775708849576025
0,3,male,9.0,4,2,31.3875,S,Third,child,False,,Southampton,no,False,9.0,3.4777725458882283
1,2,male,1.0,2,1,39.0,S,Second,child,False,F,Southampton,yes,False,1.0,3.6888794541139363
1,3,female,4.0,0,2,22.025,S,Third,child,False,,Southampton,yes,False,4.0,3.1365805821413706
0,1,male,,0,0,50.0,S,First,man,True,A,Southampton,no,True,28.0,3.9318256327243257
1,3,female,,1,0,15.5,Q,Third,woman,False,,Queenstown,yes,False,28.0,2.803360380906535
1,1,male,45.0,0,0,26.55,S,First,man,True,,Southampton,yes,True,45.0,3.3160025355989236
0,3,male,40.0,1,1,15.5,Q,Third,man,True,,Queenstown,no,False,40.0,2.803360380906535
0,3,male,36.0,0,0,7.8958,S,Third,man,True,,Southampton,no,True,36.0,2.1855792552411137
1,2,female,32.0,0,0,13.0,S,Second,woman,False,,Southampton,yes,True,32.0,2.639057329615259
0,2,male,19.0,0,0,13.0,S,Second,man,True,,Southampton,no,True,19.0,2.639057329615259
1,3,female,19.0,1,0,7.8542,S,Third,woman,False,,Southampton,yes,False,19.0,2.180891922715322
1,2,male,3.0,1,1,26.0,S,Second,child,False,F,Southampton,yes,False,3.0,3.295836866004329
1,1,female,44.0,0,0,27.7208,C,First,woman,False,B,Cherbourg,yes,True,44.0,3.357621598945279
1,1,female,58.0,0,0,146.5208,C,First,woman,False,B,Cherbourg,yes,True,58.0,4.993969182787072
0,3,male,,0,0,7.75,Q,Third,man,True,,Queenstown,no,True,28.0,2.169053700369523
0,3,male,42.0,0,1,8.4042,S,Third,man,True,,Southampton,no,False,42.0,2.241156397997397
1,3,female,,0,0,7.75,Q,Third,woman,False,,Queenstown,yes,True,28.0,2.169053700369523
0,2,female,24.0,0,0,13.0,S,Second,woman,False,,Southampton,no,True,24.0,2.639057329615259
0,3,male,28.0,0,0,9.5,S,Third,man,True,,Southampton,no,True,28.0,2.3513752571634776
0,3,male,,8,2,69.55,S,Third,man,True,,Southampton,no,False,28.0,4.256321678298823
0,3,male,34.0,0,0,6.4958,S,Third,man,True,,Southampton,no,True,34.0,2.0143428636837015
0,3,male,45.5,0,0,7.225,C,Third,man,True,,Cherbourg,no,True,45.5,2.1071782966514356
1,3,male,18.0,0,0,8.05,S,Third,man,True,,Southampton,yes,True,18.0,2.2027647577118348
0,3,female,2.0,0,1,10.4625,S,Third,child,False,G,Southampton,no,False,2.0,2.4390808375825834
0,3,male,32.0,1,0,15.85,S,Third,man,True,,Southampton,no,False,32.0,2.8243506567983707
1,3,male,26.0,0,0,18.7875,C,Third,man,True,,Cherbourg,yes,True,26.0,2.9850504252071306
1,3,female,16.0,0,0,7.75,Q,Third,woman,False,,Queenstown,yes,True,16.0,2.169053700369523
1,1,male,40.0,0,0,31.0,C,First,man,True,A,Cherbourg,yes,True,40.0,3.4657359027997265
0,3,male,24.0,0,0,7.05,S,Third,man,True,,Southampton,no,True,24.0,2.085672091430472
1,2,female,35.0,0,0,21.0,S,Second,woman,False,,Southampton,yes,True,35.0,3.091042453358316
0,3,male,22.0,0,0,7.25,S,Third,man,True,,Southampton,no,True,22.0,2.1102132003465894
0,2,male,30.0,0,0,13.0,S,Second,man,True,,Southampton,no,True,30.0,2.639057329615259
0,3,male,,1,0,7.75,Q,Third,man,True,,Queenstown,no,False,28.0,2.169053700369523
1,1,female,31.0,1,0,113.275,C,First,woman,False,D,Cherbourg,yes,False,31.0,4.738607824217808
1,3,female,27.0,0,0,7.925,S,Third,woman,False,,Southampton,yes,True,27.0,2.188856327665703
0,2,male,42.0,1,0,27.0,S,Second,man,True,,Southampton,no,False,42.0,3.332204510175204
1,1,female,32.0,0,0,76.2917,C,First,woman,False,D,Cherbourg,yes,True,32.0,4.347586575960343
0,2,male,30.0,0,0,10.5,S,Second,man,True,,Southampton,no,True,30.0,2.4423470353692043
1,3,male,16.0,0,0,8.05,S,Third,man,True,,Southampton,yes,True,16.0,2.2027647577118348
0,2,male,27.0,0,0,13.0,S,Second,man,True,,Southampton,no,True,27.0,2.639057329615259
0,3,male,51.0,0,0,8.05,S,Third,man,True,,Southampton,no,True,51.0,2.2027647577118348
0,3,male,,0,0,7.8958,S,Third,man,True,,Southampton,no,True,28.0,2.1855792552411137
1,1,male,38.0,1,0,90.0,S,First,man,True,C,Southampton,yes,False,38.0,4.51085950651685
0,3,male,22.0,0,0,9.35,S,Third,man,True,,Southampton,no,True,22.0,2.336986519711378
1,2,male,19.0,0,0,10.5,S,Second,man,True,,Southampton,yes,True,19.0,2.4423470353692043
0,3,male,20.5,0,0,7.25,S,Third,man,True,,Southampton,no,True,20.5,2.1102132003465894
0,2,male,18.0,0,0,13.0,S,Second,man,True,,Southampton,no,True,18.0,2.639057329615259
0,3,female,,3,1,25.4667,S,Third,woman,False,,Southampton,no,False,28.0,3.275887339030031
1,1,female,35.0,1,0,83.475,S,First,woman,False,C,Southampton,yes,False,35.0,4.436455632600354
0,3,male,29.0,0,0,7.775,S,Third,man,True,,Southampton,no,True,29.0,2.1719067693519296
0,2,male,59.0,0,0,13.5,S,Second,man,True,,Southampton,no,True,59.0,2.6741486494265287
1,3,female,5.0,4,2,31.3875,S,Third,child,False,,Southampton,yes,False,5.0,3.4777725458882283
0,2,male,24.0,0,0,10.5,S,Second,man,True,,Southampton,no,True,24.0,2.4423470353692043
0,3,female,,0,0,7.55,S,Third,woman,False,,Southampton,no,True,28.0,2.145931282948669
0,2,male,44.0,1,0,26.0,S,Second,man,True,,Southampton,no,False,44.0,3.295836866004329
1,2,female,8.0,0,2,26.25,S,Second,child,False,,Southampton,yes,False,8.0,3.305053521109253
0,2,male,19.0,0,0,10.5,S,Second,man,True,,Southampton,no,True,19.0,2.4423470353692043
0,2,male,33.0,0,0,12.275,S,Second,man,True,,Southampton,no,True,33.0,2.5858825671280026
0,3,female,,1,0,14.4542,C,Third,woman,False,,Cherbourg,no,False,28.0,2.737880811060884
1,3,female,,1,0,15.5,Q,Third,woman,False,,Queenstown,yes,False,28.0,2.803360380906535
0,2,male,29.0,0,0,10.5,S,Second,man,True,,Southampton,no,True,29.0,2.4423470353692043
0,3,male,22.0,0,0,7.125,S,Third,man,True,,Southampton,no,True,22.0,2.094945728215801
0,3,male,30.0,0,0,7.225,C,Third,man,True,,Cherbourg,no,True,30.0,2.1071782966514356
0,1,male,44.0,2,0,90.0,Q,First,man,True,C,Queenstown,no,False,44.0,4.51085950651685
0,3,female,25.0,0,0,7.775,S,Third,woman,False,,Southampton,no,True,25.0,2.1719067693519296
1,2,female,24.0,0,2,14.5,S,Second,woman,False,,Southampton,yes,False,24.0,2.740840023925201
1,1,male,37.0,1,1,52.5542,S,First,man,True,D,Southampton,yes,False,37.0,3.9806942251907276
0,2,male,54.0,1,0,26.0,S,Second,man,True,,Southampton,no,False,54.0,3.295836866004329
0,3,male,,0,0,7.25,S,Third,man,True,,Southampton,no,True,28.0,2.1102132003465894
0,3,female,29.0,1,1,10.4625,S,Third,woman,False,G,Southampton,no,False,29.0,2.4390808375825834
0,1,male,62.0,0,0,26.55,S,First,man,True,C,Southampton,no,True,62.0,3.3160025355989236
0,3,male,30.0,1,0,16.1,S,Third,man,True,,Southampton,no,False,30.0,2.8390784635086144
0,3,female,41.0,0,2,20.2125,S,Third,woman,False,,Southampton,no,False,41.0,3.0545906305603445
1,3,female,29.0,0,2,15.2458,C,Third,woman,False,,Cherbourg,yes,False,29.0,2.7878344138303452
1,1,female,,0,0,79.2,C,First,woman,False,,Cherbourg,yes,True,28.0,4.384523514872469
1,1,female,30.0,0,0,86.5,S,First,woman,False,B,Southampton,yes,True,30.0,4.471638793363569
1,1,female,35.0,0,0,512.3292,C,First,woman,False,,Cherbourg,yes,True,35.0,6.240917354759096
1,2,female,50.0,0,1,26.0,S,Second,woman,False,,Southampton,yes,False,50.0,3.295836866004329
0,3,male,,0,0,7.75,Q,Third,man,True,,Queenstown,no,True,28.0,2.169053700369523
1,3,male,3.0,4,2,31.3875,S,Third,child,False,,Southampton,yes,False,3.0,3.4777725458882283
0,1,male,52.0,1,1,79.65,S,First,man,True,E,Southampton,no,False,52.0,4.390118804571218
0,1,male,40.0,0,0,0.0,S,First,man,True,B,Southampton,no,True,40.0,0.0
0,3,female,,0,0,7.75,Q,Third,woman,False,,Queenstown,no,True,28.0,2.169053700369523
0,2,male,36.0,0,0,10.5,S,Second,man,True,,Southampton,no,True,36.0,2.4423470353692043
0,3,male,16.0,4,1,39.6875,S,Third,man,True,,Southampton,no,False,16.0,3.705920919968788
1,3,male,25.0,1,0,7.775,S,Third,man,True,,Southampton,yes,False,25.0,2.1719067693519296
1,1,female,58.0,0,1,153.4625,S,First,woman,False,C,Southampton,yes,False,58.0,5.039951348430309
1,1,female,35.0,0,0,135.6333,S,First,woman,False,C,Southampton,yes,True,35.0,4.91730069488021
0,1,male,,0,0,31.0,S,First,man,True,,Southampton,no,True,28.0,3.4657359027997265
1,3,male,25.0,0,0,0.0,S,Third,man,True,,Southampton,yes,True,25.0,0.0
1,2,female,41.0,0,1,19.5,S,Second,woman,False,,Southampton,yes,False,41.0,3.0204248861443626
0,1,male,37.0,0,1,29.7,C,First,man,True,C,Cherbourg,no,False,37.0,3.4242626545931514
1,3,female,,0,0,7.75,Q,Third,woman,False,,Queenstown,yes,True,28.0,2.169053700369523
1,1,female,63.0,1,0,77.9583,S,First,woman,False,D,Southampton,yes,False,63.0,4.368919865004903
0,3,female,45.0,0,0,7.75,S,Third,woman,False,,Southampton,no,True,45.0,2.169053700369523
0,2,male,,0,0,0.0,S,Second,man,True,,Southampton,no,True,28.0,0.0
0,3,male,7.0,4,1,29.125,Q,Third,child,False,,Queenstown,no,False,7.0,3.405355391810819
1,3,female,35.0,1,1,20.25,S,Third,woman,False,,Southampton,yes,False,35.0,3.056356895370426
0,3,male,65.0,0,0,7.75,Q,Third,man,True,,Queenstown,no,True,65.0,2.169053700369523
0,3,male,28.0,0,0,7.8542,S,Third,man,True,,Southampton,no,True,28.0,2.180891922715322
0,3,male,16.0,0,0,9.5,S,Third,man,True,,Southampton,no,True,16.0,2.3513752571634776
1,3,male,19.0,0,0,8.05,S,Third,man,True,,Southampton,yes,True,19.0,2.2027647577118348
0,1,male,,0,0,26.0,S,First,man,True,A,Southampton,no,True,28.0,3.295836866004329
0,3,male,33.0,0,0,8.6625,C,Third,man,True,,Cherbourg,no,True,33.0,2.2682524139135403
1,3,male,30.0,0,0,9.5,S,Third,man,True,,Southampton,yes,True,30.0,2.3513752571634776
0,3,male,22.0,0,0,7.8958,S,Third,man,True,,Southampton,no,True,22.0,2.1855792552411137
1,2,male,42.0,0,0,13.0,S,Second,man,True,,Southampton,yes,True,42.0,2.639057329615259
1,3,female,22.0,0,0,7.75,Q,Third,woman,False,,Queenstown,yes,True,22.0,2.169053700369523
1,1,female,26.0,0,0,78.85,S,First,woman,False,,Southampton,yes,True,26.0,4.380149874661021
1,1,female,19.0,1,0,91.0792,C,First,woman,False,B,Cherbourg,yes,False,19.0,4.5226490762785785
0,2,male,36.0,0,0,12.875,C,Second,man,True,D,Cherbourg,no,True,36.0,2.630088659632498
0,3,female,24.0,0,0,8.85,S,Third,woman,False,,Southampton,no,True,24.0,2.2874714551839976
0,3,male,24.0,0,0,7.8958,S,Third,man,True,,Southampton,no,True,24.0,2.1855792552411137
0,1,male,,0,0,27.7208,C,First,man,True,,Cherbourg,no,True,28.0,3.357621598945279
0,3,male,23.5,0,0,7.2292,C,Third,man,True,,Cherbourg,no,True,23.5,2.1076888046179385
0,1,female,2.0,1,2,151.55,S,First,child,False,C,Southampton,no,False,2.0,5.027492411162679
1,1,male,,0,0,30.5,S,First,man,True,C,Southampton,yes,True,28.0,3.449987545831587
1,1,female,50.0,0,1,247.5208,C,First,woman,False,B,Cherbourg,yes,False,50.0,5.515526544247129
1,3,female,,0,0,7.75,Q,Third,woman,False,,Queenstown,yes,True,28.0,2.169053700369523
1,3,male,,2,0,23.25,Q,Third,man,True,,Queenstown,yes,False,28.0,3.188416617383492
0,3,male,19.0,0,0,0.0,S,Third,man,True,,Southampton,no,True,19.0,0.0
1,2,female,,0,0,12.35,Q,Second,woman,False,E,Queenstown,yes,True,28.0,2.5915163848462583
0,3,male,,0,0,8.05,S,Third,man,True,,Southampton,no,True,28.0,2.2027647577118348
1,1,male,0.92,1,2,151.55,S,First,child,False,C,Southampton,yes,False,0.92,5.027492411162679
1,1,female,,0,0,110.8833,C,First,woman,False,,Cherbourg,yes,True,28.0,4.717456363787216
1,1,female,17.0,1,0,108.9,C,First,woman,False,C,Cherbourg,yes,False,17.0,4.699570861409576
0,2,male,30.0,1,0,24.0,C,Second,man,True,,Cherbourg,no,False,30.0,3.2188758248682006
1,1,female,30.0,0,0,56.9292,C,First,woman,False,E,Cherbourg,yes,True,30.0,4.0592215752427645
1,1,female,24.0,0,0,83.1583,C,First,woman,False,C,Cherbourg,yes,True,24.0,4.432699549165613
1,1,female,18.0,2,2,262.375,C,First,woman,False,B,Cherbourg,yes,False,18.0,5.5735788721243535
0,2,female,26.0,1,1,26.0,S,Second,woman,False,,Southampton,no,False,26.0,3.295836866004329
0,3,male,28.0,0,0,7.8958,S,Third,man,True,,Southampton,no,True,28.0,2.1855792552411137
0,2,male,43.0,1,1,26.25,S,Second,man,True,,Southampton,no,False,43.0,3.305053521109253
1,3,female,26.0,0,0,7.8542,S,Third,woman,False,,Southampton,yes,True,26.0,2.180891922715322
1,2,female,24.0,1,0,26.0,S,Second,woman,False,,Southampton,yes,False,24.0,3.295836866004329
0,2,male,54.0,0,0,14.0,S,Second,man,True,,Southampton,no,True,54.0,2.70805020110221
1,1,female,31.0,0,2,164.8667,S,First,woman,False,C,Southampton,yes,False,31.0,5.11118445372147
1,1,female,40.0,1,1,134.5,C,First,woman,False,E,Cherbourg,yes,False,40.0,4.908971640319756
0,3,male,22.0,0,0,7.25,S,Third,man,True,,Southampton,no,True,22.0,2.1102132003465894
0,3,male,27.0,0,0,7.8958,S,Third,man,True,,Southampton,no,True,27.0,2.1855792552411137
1,2,female,30.0,0,0,12.35,Q,Second,woman,False,,Queenstown,yes,True,30.0,2.5915163848462583
1,2,female,22.0,1,1,29.0,S,Second,woman,False,,Southampton,yes,False,22.0,3.4011973816621555
0,3,male,,8,2,69.55,S,Third,man,True,,Southampton,no,False,28.0,4.256321678298823
1,1,female,36.0,0,0,135.6333,C,First,woman,False,C,Cherbourg,yes,True,36.0,4.91730069488021
0,3,male,61.0,0,0,6.2375,S,Third,man,True,,Southampton,no,True,61.0,1.9792758428991135
1,2,female,36.0,0,0,13.0,S,Second,woman,False,D,Southampton,yes,True,36.0,2.639057329615259
1,3,female,31.0,1,1,20.525,S,Third,woman,False,,Southampton,yes,False,31.0,3.0692150503137943
1,1,female,16.0,0,1,57.9792,C,First,woman,False,B,Cherbourg,yes,False,16.0,4.077184839375167
1,3,female,,2,0,23.25,Q,Third,woman,False,,Queenstown,yes,False,28.0,3.188416617383492
0,1,male,45.5,0,0,28.5,S,First,man,True,C,Southampton,no,True,45.5,3.3843902633457743
0,1,male,38.0,0,1,153.4625,S,First,man,True,C,Southampton,no,False,38.0,5.039951348430309
0,3,male,16.0,2,0,18.0,S,Third,man,True,,Southampton,no,False,16.0,2.9444389791664403
1,1,female,,1,0,133.65,S,First,woman,False,,Southampton,yes,False,28.0,4.902678819257608
0,3,male,,0,0,7.8958,S,Third,man,True,,Southampton,no,True,28.0,2.1855792552411137
0,1,male,29.0,1,0,66.6,S,First,man,True,C,Southampton,no,False,29.0,4.213607983048918
1,1,female,41.0,0,0,134.5,C,First,woman,False,E,Cherbourg,yes,True,41.0,4.908971640319756
1,3,male,45.0,0,0,8.05,S,Third,man,True,,Southampton,yes,True,45.0,2.2027647577118348
0,1,male,45.0,0,0,35.5,S,First,man,True,,Southampton,no,True,45.0,3.597312260588446
1,2,male,2.0,1,1,26.0,S,Second,child,False,F,Southampton,yes,False,2.0,3.295836866004329
1,1,female,24.0,3,2,263.0,S,First,woman,False,C,Southampton,yes,False,24.0,5.575949103146316
0,2,male,28.0,0,0,13.0,S,Second,man,True,,Southampton,no,True,28.0,2.639057329615259
0,2,male,25.0,0,0,13.0,S,Second,man,True,,Southampton,no,True,25.0,2.639057329615259
0,2,male,36.0,0,0,13.0,S,Second,man,True,,Southampton,no,True,36.0,2.639057329615259
1,2,female,24.0,0,0,13.0,S,Second,woman,False,F,Southampton,yes,True,24.0,2.639057329615259
1,2,female,40.0,0,0,13.0,S,Second,woman,False,,Southampton,yes,True,40.0,2.639057329615259
1,3,female,,1,0,16.1,S,Third,woman,False,,Southampton,yes,False,28.0,2.8390784635086144
1,3,male,3.0,1,1,15.9,S,Third,child,False,,Southampton,yes,False,3.0,2.827313621929028
0,3,male,42.0,0,0,8.6625,S,Third,man,True,,Southampton,no,True,42.0,2.2682524139135403
0,3,male,23.0,0,0,9.225,S,Third,man,True,,Southampton,no,True,23.0,2.3248357019288655
0,1,male,,0,0,35.0,S,First,man,True,C,Southampton,no,True,28.0,3.58351893845611
0,3,male,15.0,1,1,7.2292,C,Third,child,False,,Cherbourg,no,False,15.0,2.1076888046179385
0,3,male,25.0,1,0,17.8,S,Third,man,True,,Southampton,no,False,25.0,2.9338568698359033
0,3,male,,0,0,7.225,C,Third,man,True,,Cherbourg,no,True,28.0,2.1071782966514356
0,3,male,28.0,0,0,9.5,S,Third,man,True,,Southampton,no,True,28.0,2.3513752571634776
1,1,female,22.0,0,1,55.0,S,First,woman,False,E,Southampton,yes,False,22.0,4.02535169073515
0,2,female,38.0,0,0,13.0,S,Second,woman,False,,Southampton,no,True,38.0,2.639057329615259
1,3,female,,0,0,7.8792,Q,Third,woman,False,,Queenstown,yes,True,28.0,2.1837114628556327
1,3,female,,0,0,7.8792,Q,Third,woman,False,,Queenstown,yes,True,28.0,2.1837114628556327
0,3,male,40.0,1,4,27.9,S,Third,man,True,,Southampton,no,False,40.0,3.3638415951183864
0,2,male,29.0,1,0,27.7208,C,Second,man,True,,Cherbourg,no,False,29.0,3.357621598945279
0,3,female,45.0,0,1,14.4542,C,Third,woman,False,,Cherbourg,no,False,45.0,2.737880811060884
0,3,male,35.0,0,0,7.05,S,Third,man,True,,Southampton,no,True,35.0,2.085672091430472
0,3,male,,1,0,15.5,Q,Third,man,True,,Queenstown,no,False,28.0,2.803360380906535
0,3,male,30.0,0,0,7.25,S,Third,man,True,,Southampton,no,True,30.0,2.1102132003465894
1,1,female,60.0,1,0,75.25,C,First,woman,False,D,Cherbourg,yes,False,60.0,4.334017415487521
1,3,female,,0,0,7.2292,C,Third,woman,False,,Cherbourg,yes,True,28.0,2.1076888046179385
1,3,female,,0,0,7.75,Q,Third,woman,False,,Queenstown,yes,True,28.0,2.169053700369523
1,1,female,24.0,0,0,69.3,C,First,woman,False,B,Cherbourg,yes,True,24.0,4.252771798816619
1,1,male,25.0,1,0,55.4417,C,First,man,True,E,Cherbourg,yes,False,25.0,4.0332082470129285
0,3,male,18.0,1,0,6.4958,S,Third,man,True,,Southampton,no,False,18.0,2.0143428636837015
0,3,male,19.0,0,0,8.05,S,Third,man,True,,Southampton,no,True,19.0,2.2027647577118348
0,1,male,22.0,0,0,135.6333,C,First,man,True,,Cherbourg,no,True,22.0,4.91730069488021
0,3,female,3.0,3,1,21.075,S,Third,child,False,,Southampton,no,False,3.0,3.094445746490024
1,1,female,,1,0,82.1708,C,First,woman,False,,Cherbourg,yes,False,28.0,4.420896324687287
1,3,female,22.0,0,0,7.25,S,Third,woman,False,,Southampton,yes,True,22.0,2.1102132003465894
0,1,male,27.0,0,2,211.5,C,First,man,True,C,Cherbourg,no,False,27.0,5.358941988364472
0,3,male,20.0,0,0,4.0125,C,Third,man,True,,Cherbourg,no,True,20.0,1.6119347926326877
0,3,male,19.0,0,0,7.775,S,Third,man,True,,Southampton,no,True,19.0,2.1719067693519296
1,1,female,42.0,0,0,227.525,C,First,woman,False,,Cherbourg,yes,True,42.0,5.4316456135398825
1,3,female,1.0,0,2,15.7417,C,Third,child,False,,Cherbourg,yes,False,1.0,2.817902613071225
0,3,male,32.0,0,0,7.925,S,Third,man,True,,Southampton,no,True,32.0,2.188856327665703
1,1,female,35.0,1,0,52.0,S,First,woman,False,,Southampton,yes,False,35.0,3.970291913552122
0,3,male,,0,0,7.8958,S,Third,man,True,,Southampton,no,True,28.0,2.1855792552411137
0,2,male,18.0,0,0,73.5,S,Second,man,True,,Southampton,no,True,18.0,4.310799125385514
0,3,male,1.0,5,2,46.9,S,Third,child,False,,Southampton,no,False,1.0,3.8691155044168695
1,2,female,36.0,0,0,13.0,S,Second,woman,False,,Southampton,yes,True,36.0,2.639057329615259
0,3,male,,0,0,7.7292,Q,Third,man,True,,Queenstown,no,True,28.0,2.1666737276227077
1,2,female,17.0,0,0,12.0,C,Second,woman,False,,Cherbourg,yes,True,17.0,2.5649493574615367
1,1,male,36.0,1,2,120.0,S,First,man,True,B,Southampton,yes,False,36.0,4.795790545596741
1,3,male,21.0,0,0,7.7958,S,Third,man,True,,Southampton,yes,True,21.0,2.174274334826008
0,3,male,28.0,2,0,7.925,S,Third,man,True,,Southampton,no,False,28.0,2.188856327665703
1,1,female,23.0,1,0,113.275,C,First,woman,False,D,Cherbourg,yes,False,23.0,4.738607824217808
1,3,female,24.0,0,2,16.7,S,Third,woman,False,G,Southampton,yes,False,24.0,2.8735646395797834
0,3,male,22.0,0,0,7.7958,S,Third,man,True,,Southampton,no,True,22.0,2.174274334826008
0,3,female,31.0,0,0,7.8542,S,Third,woman,False,,Southampton,no,True,31.0,2.180891922715322
0,2,male,46.0,0,0,26.0,S,Second,man,True,,Southampton,no,True,46.0,3.295836866004329
0,2,male,23.0,0,0,10.5,S,Second,man,True,,Southampton,no,True,23.0,2.4423470353692043
1,2,female,28.0,0,0,12.65,S,Second,woman,False,,Southampton,yes,True,28.0,2.613739521630969
1,3,male,39.0,0,0,7.925,S,Third,man,True,,Southampton,yes,True,39.0,2.188856327665703
0,3,male,26.0,0,0,8.05,S,Third,man,True,,Southampton,no,True,26.0,2.2027647577118348
0,3,female,21.0,1,0,9.825,S,Third,woman,False,,Southampton,no,False,21.0,2.3818582738885534
0,3,male,28.0,1,0,15.85,S,Third,man,True,,Southampton,no,False,28.0,2.8243506567983707
0,3,female,20.0,0,0,8.6625,S,Third,woman,False,,Southampton,no,True,20.0,2.2682524139135403
0,2,male,34.0,1,0,21.0,S,Second,man,True,,Southampton,no,False,34.0,3.091042453358316
0,3,male,51.0,0,0,7.75,S,Third,man,True,,Southampton,no,True,51.0,2.169053700369523
1,2,male,3.0,1,1,18.75,S,Second,child,False,,Southampton,yes,False,3.0,2.9831534913471307
0,3,male,21.0,0,0,7.775,S,Third,man,True,,Southampton,no,True,21.0,2.1719067693519296
0,3,female,,3,1,25.4667,S,Third,woman,False,,Southampton,no,False,28.0,3.275887339030031
0,3,male,,0,0,7.8958,S,Third,man,True,,Southampton,no,True,28.0,2.1855792552411137
0,3,male,,0,0,6.8583,Q,Third,man,True,,Queenstown,no,True,28.0,2.061570298060867
1,1,female,33.0,1,0,90.0,Q,First,woman,False,C,Queenstown,yes,False,33.0,4.51085950651685
0,2,male,,0,0,0.0,S,Second,man,True,,Southampton,no,True,28.0,0.0
1,3,male,44.0,0,0,7.925,S,Third,man,True,,Southampton,yes,True,44.0,2.188856327665703
0,3,female,,0,0,8.05,S,Third,woman,False,,Southampton,no,True,28.0,2.2027647577118348
1,2,female,34.0,1,1,32.5,S,Second,woman,False,,Southampton,yes,False,34.0,3.5115454388310208
1,2,female,18.0,0,2,13.0,S,Second,woman,False,,Southampton,yes,False,18.0,2.639057329615259
0,2,male,30.0,0,0,13.0,S,Second,man,True,,Southampton,no,True,30.0,2.639057329615259
0,3,female,10.0,0,2,24.15,S,Third,child,False,,Southampton,no,False,10.0,3.224857896545748
0,3,male,,0,0,7.8958,C,Third,man,True,,Cherbourg,no,True,28.0,2.1855792552411137
0,3,male,21.0,0,0,7.7333,Q,Third,man,True,,Queenstown,no,True,21.0,2.167143305297764
0,3,male,29.0,0,0,7.875,S,Third,man,True,,Southampton,no,True,29.0,2.1832383353614793
0,3,female,28.0,1,1,14.4,S,Third,woman,False,,Southampton,no,False,28.0,2.7343675094195836
0,3,male,18.0,1,1,20.2125,S,Third,man,True,,Southampton,no,False,18.0,3.0545906305603445
0,3,male,,0,0,7.25,S,Third,man,True,,Southampton,no,True,28.0,2.1102132003465894
1,2,female,28.0,1,0,26.0,S,Second,woman,False,,Southampton,yes,False,28.0,3.295836866004329
1,2,female,19.0,0,0,26.0,S,Second,woman,False,,Southampton,yes,True,19.0,3.295836866004329
0,3,male,,0,0,7.75,Q,Third,man,True,,Queenstown,no,True,28.0,2.169053700369523
1,3,male,32.0,0,0,8.05,S,Third,man,True,E,Southampton,yes,True,32.0,2.2027647577118348
1,1,male,28.0,0,0,26.55,S,First,man,True,C,Southampton,yes,True,28.0,3.3160025355989236
1,3,female,,1,0,16.1,S,Third,woman,False,,Southampton,yes,False,28.0,2.8390784635086144
1,2,female,42.0,1,0,26.0,S,Second,woman,False,,Southampton,yes,False,42.0,3.295836866004329
0,3,male,17.0,0,0,7.125,S,Third,man,True,,Southampton,no,True,17.0,2.094945728215801
0,1,male,50.0,1,0,55.9,S,First,man,True,E,Southampton,no,False,50.0,4.041295341132285
1,1,female,14.0,1,2,120.0,S,First,child,False,B,Southampton,yes,False,14.0,4.795790545596741
0,3,female,21.0,2,2,34.375,S,Third,woman,False,,Southampton,no,False,21.0,3.5660053559634015
1,2,female,24.0,2,3,18.75,S,Second,woman,False,,Southampton,yes,False,24.0,2.9831534913471307
0,1,male,64.0,1,4,263.0,S,First,man,True,C,Southampton,no,False,64.0,5.575949103146316
0,2,male,31.0,0,0,10.5,S,Second,man,True,,Southampton,no,True,31.0,2.4423470353692043
1,2,female,45.0,1,1,26.25,S,Second,woman,False,,Southampton,yes,False,45.0,3.305053521109253
0,3,male,20.0,0,0,9.5,S,Third,man,True,,Southampton,no,True,20.0,2.3513752571634776
0,3,male,25.0,1,0,7.775,S,Third,man,True,,Southampton,no,False,25.0,2.1719067693519296
1,2,female,28.0,0,0,13.0,S,Second,woman,False,,Southampton,yes,True,28.0,2.639057329615259
1,3,male,,0,0,8.1125,S,Third,man,True,,Southampton,yes,True,28.0,2.2096470973347766
1,1,male,4.0,0,2,81.8583,S,First,child,False,A,Southampton,yes,False,4.0,4.417131919904876
1,2,female,13.0,0,1,19.5,S,Second,child,False,,Southampton,yes,False,13.0,3.0204248861443626
1,1,male,34.0,0,0,26.55,S,First,man,True,,Southampton,yes,True,34.0,3.3160025355989236
1,3,female,5.0,2,1,19.2583,C,Third,child,False,,Cherbourg,yes,False,5.0,3.0085645861193133
1,1,male,52.0,0,0,30.5,S,First,man,True,C,Southampton,yes,True,52.0,3.449987545831587
0,2,male,36.0,1,2,27.75,S,Second,man,True,,Southampton,no,False,36.0,3.3586377672433594
0,3,male,,1,0,19.9667,S,Third,man,True,,Southampton,no,False,28.0,3.0429354648621407
0,1,male,30.0,0,0,27.75,C,First,man,True,C,Cherbourg,no,True,30.0,3.3586377672433594
1,1,male,49.0,1,0,89.1042,C,First,man,True,C,Cherbourg,yes,False,49.0,4.500966778400217
0,3,male,,0,0,8.05,S,Third,man,True,,Southampton,no,True,28.0,2.2027647577118348
1,3,male,29.0,0,0,7.8958,C,Third,man,True,,Cherbourg,yes,True,29.0,2.1855792552411137
0,1,male,65.0,0,0,26.55,S,First,man,True,E,Southampton,no,True,65.0,3.3160025355989236
1,1,female,,1,0,51.8625,S,First,woman,False,D,Southampton,yes,False,28.0,3.967694202798607
1,2,female,50.0,0,0,10.5,S,Second,woman,False,,Southampton,yes,True,50.0,2.4423470353692043
0,3,male,,0,0,7.75,Q,Third,man,True,,Queenstown,no,True,28.0,2.169053700369523
1,1,male,48.0,0,0,26.55,S,First,man,True,E,Southampton,yes,True,48.0,3.3160025355989236
0,3,male,34.0,0,0,8.05,S,Third,man,True,,Southampton,no,True,34.0,2.2027647577118348
0,1,male,47.0,0,0,38.5,S,First,man,True,E,Southampton,no,True,47.0,3.676300671907076
0,2,male,48.0,0,0,13.0,S,Second,man,True,,Southampton,no,True,48.0,2.639057329615259
0,3,male,,0,0,8.05,S,Third,man,True,,Southampton,no,True,28.0,2.2027647577118348
0,3,male,38.0,0,0,7.05,S,Third,man,True,,Southampton,no,True,38.0,2.085672091430472
0,2,male,,0,0,0.0,S,Second,man,True,,Southampton,no,True,28.0,0.0
0,1,male,56.0,0,0,26.55,S,First,man,True,,Southampton,no,True,56.0,3.3160025355989236
0,3,male,,0,0,7.725,Q,Third,man,True,,Queenstown,no,True,28.0,2.1661924680884908
1,3,female,0.75,2,1,19.2583,C,Third,child,False,,Cherbourg,yes,False,0.75,3.0085645861193133
0,3,male,,0,0,7.25,S,Third,man,True,,Southampton,no,True,28.0,2.1102132003465894
0,3,male,38.0,0,0,8.6625,S,Third,man,True,,Southampton,no,True,38.0,2.2682524139135403
1,2,female,33.0,1,2,27.75,S,Second,woman,False,,Southampton,yes,False,33.0,3.3586377672433594
1,2,female,23.0,0,0,13.7917,C,Second,woman,False,D,Cherbourg,yes,True,23.0,2.694066212646058
0,3,female,22.0,0,0,9.8375,S,Third,woman,False,,Southampton,no,True,22.0,2.3830123421066602
0,1,male,,0,0,52.0,S,First,man,True,A,Southampton,no,True,28.0,3.970291913552122
0,2,male,34.0,1,0,21.0,S,Second,man,True,,Southampton,no,False,34.0,3.091042453358316
0,3,male,29.0,1,0,7.0458,S,Third,man,True,,Southampton,no,False,29.0,2.0851502161468174
0,3,male,22.0,0,0,7.5208,S,Third,man,True,,Southampton,no,True,22.0,2.142510233146819
1,3,female,2.0,0,1,12.2875,S,Third,child,False,,Southampton,yes,False,2.0,2.586823743668066
0,3,male,9.0,5,2,46.9,S,Third,child,False,,Southampton,no,False,9.0,3.8691155044168695
0,2,male,,0,0,0.0,S,Second,man,True,,Southampton,no,True,28.0,0.0
0,3,male,50.0,0,0,8.05,S,Third,man,True,,Southampton,no,True,50.0,2.2027647577118348
1,3,female,63.0,0,0,9.5875,S,Third,woman,False,,Southampton,yes,True,63.0,2.3596740599781727
1,1,male,25.0,1,0,91.0792,C,First,man,True,B,Cherbourg,yes,False,25.0,4.5226490762785785
0,3,female,,3,1,25.4667,S,Third,woman,False,,Southampton,no,False,28.0,3.275887339030031
1,1,female,35.0,1,0,90.0,S,First,woman,False,C,Southampton,yes,False,35.0,4.51085950651685
0,1,male,58.0,0,0,29.7,C,First,man,True,B,Cherbourg,no,True,58.0,3.4242626545931514
0,3,male,30.0,0,0,8.05,S,Third,man,True,,Southampton,no,True,30.0,2.2027647577118348
1,3,male,9.0,1,1,15.9,S,Third,child,False,,Southampton,yes,False,9.0,2.827313621929028
0,3,male,,1,0,19.9667,S,Third,man,True,,Southampton,no,False,28.0,3.0429354648621407
0,3,male,21.0,0,0,7.25,S,Third,man,True,,Southampton,no,True,21.0,2.1102132003465894
0,1,male,55.0,0,0,30.5,S,First,man,True,C,Southampton,no,True,55.0,3.449987545831587
0,1,male,71.0,0,0,49.5042,C,First,man,True,,Cherbourg,no,True,71.0,3.922056501139853
0,3,male,21.0,0,0,8.05,S,Third,man,True,,Southampton,no,True,21.0,2.2027647577118348
0,3,male,,0,0,14.4583,C,Third,man,True,,Cherbourg,no,True,28.0,2.738146075922933
1,1,female,54.0,1,0,78.2667,C,First,woman,False,D,Cherbourg,yes,False,54.0,4.37281811610993
0,3,male,,0,0,15.1,S,Third,man,True,,Southampton,no,True,28.0,2.7788192719904172
0,1,female,25.0,1,2,151.55,S,First,woman,False,C,Southampton,no,False,25.0,5.027492411162679
0,3,male,24.0,0,0,7.7958,S,Third,man,True,,Southampton,no,True,24.0,2.174274334826008
0,3,male,17.0,0,0,8.6625,S,Third,man,True,,Southampton,no,True,17.0,2.2682524139135403
0,3,female,21.0,0,0,7.75,Q,Third,woman,False,,Queenstown,no,True,21.0,2.169053700369523
0,3,female,,0,0,7.6292,Q,Third,woman,False,,Queenstown,no,True,28.0,2.155151800914312
0,3,female,37.0,0,0,9.5875,S,Third,woman,False,,Southampton,no,True,37.0,2.3596740599781727
1,1,female,16.0,0,0,86.5,S,First,woman,False,B,Southampton,yes,True,16.0,4.471638793363569
0,1,male,18.0,1,0,108.9,C,First,man,True,C,Cherbourg,no,False,18.0,4.699570861409576
1,2,female,33.0,0,2,26.0,S,Second,woman,False,,Southampton,yes,False,33.0,3.295836866004329
1,1,male,,0,0,26.55,S,First,man,True,,Southampton,yes,True,28.0,3.3160025355989236
0,3,male,28.0,0,0,22.525,S,Third,man,True,,Southampton,no,True,28.0,3.1580636854714434
1,3,male,26.0,0,0,56.4958,S,Third,man,True,,Southampton,yes,True,26.0,4.051711901657239
1,3,male,29.0,0,0,7.75,Q,Third,man,True,,Queenstown,yes,True,29.0,2.169053700369523
0,3,male,,0,0,8.05,S,Third,man,True,,Southampton,no,True,28.0,2.2027647577118348
1,1,male,36.0,0,0,26.2875,S,First,man,True,E,Southampton,yes,True,36.0,3.3064287218760624
1,1,female,54.0,1,0,59.4,C,First,woman,False,,Cherbourg,yes,False,54.0,4.100989104940769
0,3,male,24.0,0,0,7.4958,S,Third,man,True,,Southampton,no,True,24.0,2.139571923732859
0,1,male,47.0,0,0,34.0208,S,First,man,True,D,Southampton,no,True,47.0,3.5559421706858756
1,2,female,34.0,0,0,10.5,S,Second,woman,False,F,Southampton,yes,True,34.0,2.4423470353692043
0,3,male,,0,0,24.15,Q,Third,man,True,,Queenstown,no,True,28.0,3.224857896545748
1,2,female,36.0,1,0,26.0,S,Second,woman,False,,Southampton,yes,False,36.0,3.295836866004329
0,3,male,32.0,0,0,7.8958,S,Third,man,True,,Southampton,no,True,32.0,2.1855792552411137
1,1,female,30.0,0,0,93.5,S,First,woman,False,B,Southampton,yes,True,30.0,4.548599834499697
0,3,male,22.0,0,0,7.8958,S,Third,man,True,,Southampton,no,True,22.0,2.1855792552411137
0,3,male,,0,0,7.225,C,Third,man,True,,Cherbourg,no,True,28.0,2.1071782966514356
1,1,female,44.0,0,1,57.9792,C,First,woman,False,B,Cherbourg,yes,False,44.0,4.077184839375167
0,3,male,,0,0,7.2292,C,Third,man,True,,Cherbourg,no,True,28.0,2.1076888046179385
0,3,male,40.5,0,0,7.75,Q,Third,man,True,,Queenstown,no,True,40.5,2.169053700369523
1,2,female,50.0,0,0,10.5,S,Second,woman,False,,Southampton,yes,True,50.0,2.4423470353692043
0,1,male,,0,0,221.7792,S,First,man,True,C,Southampton,no,True,28.0,5.406181146423973
0,3,male,39.0,0,0,7.925,S,Third,man,True,,Southampton,no,True,39.0,2.188856327665703
0,2,male,23.0,2,1,11.5,S,Second,man,True,,Southampton,no,False,23.0,2.5257286443082556
1,2,female,2.0,1,1,26.0,S,Second,child,False,,Southampton,yes,False,2.0,3.295836866004329
0,3,male,,0,0,7.2292,C,Third,man,True,,Cherbourg,no,True,28.0,2.1076888046179385
0,3,male,17.0,1,1,7.2292,C,Third,man,True,,Cherbourg,no,False,17.0,2.1076888046179385
1,3,female,,0,2,22.3583,C,Third,woman,False,,Cherbourg,yes,False,28.0,3.1509523813392697
0,3,female,30.0,0,0,8.6625,S,Third,woman,False,,Southampton,no,True,30.0,2.2682524139135403
1,2,female,7.0,0,2,26.25,S,Second,child,False,,Southampton,yes,False,7.0,3.305053521109253
0,1,male,45.0,0,0,26.55,S,First,man,True,B,Southampton,no,True,45.0,3.3160025355989236
1,1,female,30.0,0,0,106.425,C,First,woman,False,,Cherbourg,yes,True,30.0,4.676792929661059
0,3,male,,0,0,14.5,S,Third,man,True,,Southampton,no,True,28.0,2.740840023925201
1,1,female,22.0,0,2,49.5,C,First,woman,False,B,Cherbourg,yes,False,22.0,3.9219733362813143
1,1,female,36.0,0,2,71.0,S,First,woman,False,B,Southampton,yes,False,36.0,4.276666119016055
0,3,female,9.0,4,2,31.275,S,Third,child,False,,Southampton,no,False,9.0,3.4742929367327062
0,3,female,11.0,4,2,31.275,S,Third,child,False,,Southampton,no,False,11.0,3.4742929367327062
1,2,male,32.0,1,0,26.0,S,Second,man,True,,Southampton,yes,False,32.0,3.295836866004329
0,1,male,50.0,1,0,106.425,C,First,man,True,C,Cherbourg,no,False,50.0,4.676792929661059
0,1,male,64.0,0,0,26.0,S,First,man,True,,Southampton,no,True,64.0,3.295836866004329
1,2,female,19.0,1,0,26.0,S,Second,woman,False,,Southampton,yes,False,19.0,3.295836866004329
1,2,male,,0,0,13.8625,C,Second,man,True,,Cherbourg,yes,True,28.0,2.6988412620169004
0,3,male,33.0,1,1,20.525,S,Third,man,True,,Southampton,no,False,33.0,3.0692150503137943
1,2,male,8.0,1,1,36.75,S,Second,child,False,,Southampton,yes,False,8.0,3.6309854756950335
1,1,male,17.0,0,2,110.8833,C,First,man,True,C,Cherbourg,yes,False,17.0,4.717456363787216
0,2,male,27.0,0,0,26.0,S,Second,man,True,,Southampton,no,True,27.0,3.295836866004329
0,3,male,,0,0,7.8292,Q,Third,man,True,,Queenstown,no,True,28.0,2.17806441028492
1,3,male,22.0,0,0,7.225,C,Third,man,True,,Cherbourg,yes,True,22.0,2.1071782966514356
1,3,female,22.0,0,0,7.775,S,Third,woman,False,,Southampton,yes,True,22.0,2.1719067693519296
0,1,male,62.0,0,0,26.55,S,First,man,True,,Southampton,no,True,62.0,3.3160025355989236
1,1,female,48.0,1,0,39.6,C,First,woman,False,A,Cherbourg,yes,False,48.0,3.703768066607687
0,1,male,,0,0,227.525,C,First,man,True,,Cherbourg,no,True,28.0,5.4316456135398825
1,1,female,39.0,1,1,79.65,S,First,woman,False,E,Southampton,yes,False,39.0,4.390118804571218
1,3,female,36.0,1,0,17.4,S,Third,woman,False,,Southampton,yes,False,36.0,2.91235066461494
0,3,male,,0,0,7.75,Q,Third,man,True,,Queenstown,no,True,28.0,2.169053700369523
0,3,male,40.0,0,0,7.8958,S,Third,man,True,,Southampton,no,True,40.0,2.1855792552411137
0,2,male,28.0,0,0,13.5,S,Second,man,True,,Southampton,no,True,28.0,2.6741486494265287
0,3,male,,0,0,8.05,S,Third,man,True,,Southampton,no,True,28.0,2.2027647577118348
0,3,female,,0,0,8.05,S,Third,woman,False,,Southampton,no,True,28.0,2.2027647577118348
0,3,male,24.0,2,0,24.15,S,Third,man,True,,Southampton,no,False,24.0,3.224857896545748
0,3,male,19.0,0,0,7.8958,S,Third,man,True,,Southampton,no,True,19.0,2.1855792552411137
0,3,female,29.0,0,4,21.075,S,Third,woman,False,,Southampton,no,False,29.0,3.094445746490024
0,3,male,,0,0,7.2292,C,Third,man,True,,Cherbourg,no,True,28.0,2.1076888046179385
1,3,male,32.0,0,0,7.8542,S,Third,man,True,,Southampton,yes,True,32.0,2.180891922715322
1,2,male,62.0,0,0,10.5,S,Second,man,True,,Southampton,yes,True,62.0,2.4423470353692043
1,1,female,53.0,2,0,51.4792,S,First,woman,False,C,Southampton,yes,False,53.0,3.960416900617205
1,1,male,36.0,0,0,26.3875,S,First,man,True,E,Southampton,yes,True,36.0,3.3100867049215847
1,3,female,,0,0,7.75,Q,Third,woman,False,,Queenstown,yes,True,28.0,2.169053700369523
0,3,male,16.0,0,0,8.05,S,Third,man,True,,Southampton,no,True,16.0,2.2027647577118348
0,3,male,19.0,0,0,14.5,S,Third,man,True,,Southampton,no,True,19.0,2.740840023925201
1,2,female,34.0,0,0,13.0,S,Second,woman,False,,Southampton,yes,True,34.0,2.639057329615259
1,1,female,39.0,1,0,55.9,S,First,woman,False,E,Southampton,yes,False,39.0,4.041295341132285
0,3,female,,1,0,14.4583,C,Third,woman,False,,Cherbourg,no,False,28.0,2.738146075922933
1,3,male,32.0,0,0,7.925,S,Third,man,True,,Southampton,yes,True,32.0,2.188856327665703
1,2,female,25.0,1,1,30.0,S,Second,woman,False,,Southampton,yes,False,25.0,3.4339872044851463
1,1,female,39.0,1,1,110.8833,C,First,woman,False,C,Cherbourg,yes,False,39.0,4.717456363787216
0,2,male,54.0,0,0,26.0,S,Second,man,True,,Southampton,no,True,54.0,3.295836866004329
0,1,male,36.0,0,0,40.125,C,First,man,True,A,Cherbourg,no,True,36.0,3.716616209085536
0,3,male,,0,0,8.7125,C,Third,man,True,,Cherbourg,no,True,28.0,2.2734137156937657
1,1,female,18.0,0,2,79.65,S,First,woman,False,E,Southampton,yes,False,18.0,4.390118804571218
0,2,male,47.0,0,0,15.0,S,Second,man,True,,Southampton,no,True,47.0,2.772588722239781
1,1,male,60.0,1,1,79.2,C,First,man,True,B,Cherbourg,yes,False,60.0,4.384523514872469
0,3,male,22.0,0,0,8.05,S,Third,man,True,,Southampton,no,True,22.0,2.2027647577118348
0,3,male,,0,0,8.05,S,Third,man,True,,Southampton,no,True,28.0,2.2027647577118348
0,3,male,35.0,0,0,7.125,S,Third,man,True,,Southampton,no,True,35.0,2.094945728215801
1,1,female,52.0,1,0,78.2667,C,First,woman,False,D,Cherbourg,yes,False,52.0,4.37281811610993
0,3,male,47.0,0,0,7.25,S,Third,man,True,,Southampton,no,True,47.0,2.1102132003465894
0,3,female,,0,2,7.75,Q,Third,woman,False,,Queenstown,no,False,28.0,2.169053700369523
0,2,male,37.0,1,0,26.0,S,Second,man,True,,Southampton,no,False,37.0,3.295836866004329
0,3,male,36.0,1,1,24.15,S,Third,man,True,,Southampton,no,False,36.0,3.224857896545748
1,2,female,,0,0,33.0,S,Second,woman,False,,Southampton,yes,True,28.0,3.5263605246161616
0,3,male,49.0,0,0,0.0,S,Third,man,True,,Southampton,no,True,49.0,0.0
0,3,male,,0,0,7.225,C,Third,man,True,,Cherbourg,no,True,28.0,2.1071782966514356
1,1,male,49.0,1,0,56.9292,C,First,man,True,A,Cherbourg,yes,False,49.0,4.0592215752427645
1,2,female,24.0,2,1,27.0,S,Second,woman,False,,Southampton,yes,False,24.0,3.332204510175204
0,3,male,,0,0,7.8958,S,Third,man,True,,Southampton,no,True,28.0,2.1855792552411137
0,1,male,,0,0,42.4,S,First,man,True,,Southampton,no,True,28.0,3.770459441106359
0,3,male,44.0,0,0,8.05,S,Third,man,True,,Southampton,no,True,44.0,2.2027647577118348
1,1,male,35.0,0,0,26.55,C,First,man,True,,Cherbourg,yes,True,35.0,3.3160025355989236
0,3,male,36.0,1,0,15.55,S,Third,man,True,,Southampton,no,False,36.0,2.806386101823072
0,3,male,30.0,0,0,7.8958,S,Third,man,True,,Southampton,no,True,30.0,2.1855792552411137
1,1,male,27.0,0,0,30.5,S,First,man,True,,Southampton,yes,True,27.0,3.449987545831587
1,2,female,22.0,1,2,41.5792,C,Second,woman,False,,Cherbourg,yes,False,22.0,3.7513658711253766
1,1,female,40.0,0,0,153.4625,S,First,woman,False,C,Southampton,yes,True,40.0,5.039951348430309
0,3,female,39.0,1,5,31.275,S,Third,woman,False,,Southampton,no,False,39.0,3.4742929367327062
0,3,male,,0,0,7.05,S,Third,man,True,,Southampton,no,True,28.0,2.085672091430472
1,3,female,,1,0,15.5,Q,Third,woman,False,,Queenstown,yes,False,28.0,2.803360380906535
0,3,male,,0,0,7.75,Q,Third,man,True,,Queenstown,no,True,28.0,2.169053700369523
0,3,male,35.0,0,0,8.05,S,Third,man,True,,Southampton,no,True,35.0,2.2027647577118348
1,2,female,24.0,1,2,65.0,S,Second,woman,False,,Southampton,yes,False,24.0,4.189654742026425
0,3,male,34.0,1,1,14.4,S,Third,man,True,,Southampton,no,False,34.0,2.7343675094195836
0,3,female,26.0,1,0,16.1,S,Third,woman,False,,Southampton,no,False,26.0,2.8390784635086144
1,2,female,4.0,2,1,39.0,S,Second,child,False,F,Southampton,yes,False,4.0,3.6888794541139363
0,2,male,26.0,0,0,10.5,S,Second,man,True,,Southampton,no,True,26.0,2.4423470353692043
0,3,male,27.0,1,0,14.4542,C,Third,man,True,,Cherbourg,no,False,27.0,2.737880811060884
1,1,male,42.0,1,0,52.5542,S,First,man,True,D,Southampton,yes,False,42.0,3.9806942251907276
1,3,male,20.0,1,1,15.7417,C,Third,man,True,,Cherbourg,yes,False,20.0,2.817902613071225
0,3,male,21.0,0,0,7.8542,S,Third,man,True,,Southampton,no,True,21.0,2.180891922715322
0,3,male,21.0,0,0,16.1,S,Third,man,True,,Southampton,no,True,21.0,2.8390784635086144
0,1,male,61.0,0,0,32.3208,S,First,man,True,D,Southampton,no,True,61.0,3.5061818266142577
0,2,male,57.0,0,0,12.35,Q,Second,man,True,,Queenstown,no,True,57.0,2.5915163848462583
1,1,female,21.0,0,0,77.9583,S,First,woman,False,D,Southampton,yes,True,21.0,4.368919865004903
0,3,male,26.0,0,0,7.8958,S,Third,man,True,,Southampton,no,True,26.0,2.1855792552411137
0,3,male,,0,0,7.7333,Q,Third,man,True,,Queenstown,no,True,28.0,2.167143305297764
1,1,male,80.0,0,0,30.0,S,First,man,True,A,Southampton,yes,True,80.0,3.4339872044851463
0,3,male,51.0,0,0,7.0542,S,Third,man,True,,Southampton,no,True,51.0,2.086193694502369
1,1,male,32.0,0,0,30.5,C,First,man,True,B,Cherbourg,yes,True,32.0,3.449987545831587
0,1,male,,0,0,0.0,S,First,man,True,,Southampton,no,True,28.0,0.0
0,3,female,9.0,3,2,27.9,S,Third,child,False,,Southampton,no,False,9.0,3.3638415951183864
1,2,female,28.0,0,0,13.0,S,Second,woman,False,,Southampton,yes,True,28.0,2.639057329615259
0,3,male,32.0,0,0,7.925,S,Third,man,True,,Southampton,no,True,32.0,2.188856327665703
0,2,male,31.0,1,1,26.25,S,Second,man,True,,Southampton,no,False,31.0,3.305053521109253
0,3,female,41.0,0,5,39.6875,S,Third,woman,False,,Southampton,no,False,41.0,3.705920919968788
0,3,male,,1,0,16.1,S,Third,man,True,,Southampton,no,False,28.0,2.8390784635086144
0,3,male,20.0,0,0,7.8542,S,Third,man,True,,Southampton,no,True,20.0,2.180891922715322
1,1,female,24.0,0,0,69.3,C,First,woman,False,B,Cherbourg,yes,True,24.0,4.252771798816619
0,3,female,2.0,3,2,27.9,S,Third,child,False,,Southampton,no,False,2.0,3.3638415951183864
1,3,male,,0,0,56.4958,S,Third,man,True,,Southampton,yes,True,28.0,4.051711901657239
1,3,female,0.75,2,1,19.2583,C,Third,child,False,,Cherbourg,yes,False,0.75,3.0085645861193133
1,1,male,48.0,1,0,76.7292,C,First,man,True,D,Cherbourg,yes,False,48.0,4.353230991152628
0,3,male,19.0,0,0,7.8958,S,Third,man,True,,Southampton,no,True,19.0,2.1855792552411137
1,1,male,56.0,0,0,35.5,C,First,man,True,A,Cherbourg,yes,True,56.0,3.597312260588446
0,3,male,,0,0,7.55,S,Third,man,True,,Southampton,no,True,28.0,2.145931282948669
1,3,female,23.0,0,0,7.55,S,Third,woman,False,,Southampton,yes,True,23.0,2.145931282948669
0,3,male,,0,0,7.8958,S,Third,man,True,,Southampton,no,True,28.0,2.1855792552411137
1,2,female,18.0,0,1,23.0,S,Second,woman,False,,Southampton,yes,False,18.0,3.1780538303479458
0,3,male,21.0,0,0,8.4333,S,Third,man,True,,Southampton,no,True,21.0,2.2442459824059346
1,3,female,,0,0,7.8292,Q,Third,woman,False,,Queenstown,yes,True,28.0,2.17806441028492
0,3,female,18.0,0,0,6.75,Q,Third,woman,False,,Queenstown,no,True,18.0,2.0476928433652555
0,2,male,24.0,2,0,73.5,S,Second,man,True,,Southampton,no,False,24.0,4.310799125385514
0,3,male,,0,0,7.8958,S,Third,man,True,,Southampton,no,True,28.0,2.1855792552411137
0,3,female,32.0,1,1,15.5,Q,Third,woman,False,,Queenstown,no,False,32.0,2.803360380906535
0,2,male,23.0,0,0,13.0,S,Second,man,True,,Southampton,no,True,23.0,2.639057329615259
0,1,male,58.0,0,2,113.275,C,First,man,True,D,Cherbourg,no,False,58.0,4.738607824217808
1,1,male,50.0,2,0,133.65,S,First,man,True,,Southampton,yes,False,50.0,4.902678819257608
0,3,male,40.0,0,0,7.225,C,Third,man,True,,Cherbourg,no,True,40.0,2.1071782966514356
0,1,male,47.0,0,0,25.5875,S,First,man,True,E,Southampton,no,True,47.0,3.2804411805263554
0,3,male,36.0,0,0,7.4958,S,Third,man,True,,Southampton,no,True,36.0,2.139571923732859
1,3,male,20.0,1,0,7.925,S,Third,man,True,,Southampton,yes,False,20.0,2.188856327665703
0,2,male,32.0,2,0,73.5,S,Second,man,True,,Southampton,no,False,32.0,4.310799125385514
0,2,male,25.0,0,0,13.0,S,Second,man,True,,Southampton,no,True,25.0,2.639057329615259
0,3,male,,0,0,7.775,S,Third,man,True,,Southampton,no,True,28.0,2.1719067693519296
0,3,male,43.0,0,0,8.05,S,Third,man,True,,Southampton,no,True,43.0,2.2027647577118348
1,1,female,,1,0,52.0,S,First,woman,False,C,Southampton,yes,False,28.0,3.970291913552122
1,2,female,40.0,1,1,39.0,S,Second,woman,False,,Southampton,yes,False,40.0,3.6888794541139363
0,1,male,31.0,1,0,52.0,S,First,man,True,B,Southampton,no,False,31.0,3.970291913552122
0,2,male,70.0,0,0,10.5,S,Second,man,True,,Southampton,no,True,70.0,2.4423470353692043
1,2,male,31.0,0,0,13.0,S,Second,man,True,,Southampton,yes,True,31.0,2.639057329615259
0,2,male,,0,0,0.0,S,Second,man,True,,Southampton,no,True,28.0,0.0
0,3,male,18.0,0,0,7.775,S,Third,man,True,,Southampton,no,True,18.0,2.1719067693519296
0,3,male,24.5,0,0,8.05,S,Third,man,True,,Southampton,no,True,24.5,2.2027647577118348
1,3,female,18.0,0,0,9.8417,S,Third,woman,False,,Southampton,yes,True,18.0,2.3833998102837652
0,3,female,43.0,1,6,46.9,S,Third,woman,False,,Southampton,no,False,43.0,3.8691155044168695
1,1,male,36.0,0,1,512.3292,C,First,man,True,B,Cherbourg,yes,False,36.0,6.240917354759096
0,3,female,,0,0,8.1375,Q,Third,woman,False,,Queenstown,no,True,28.0,2.212386825075897
1,1,male,27.0,0,0,76.7292,C,First,man,True,D,Cherbourg,yes,True,27.0,4.353230991152628
0,3,male,20.0,0,0,9.225,S,Third,man,True,,Southampton,no,True,20.0,2.3248357019288655
0,3,male,14.0,5,2,46.9,S,Third,child,False,,Southampton,no,False,14.0,3.8691155044168695
0,2,male,60.0,1,1,39.0,S,Second,man,True,,Southampton,no,False,60.0,3.6888794541139363
0,2,male,25.0,1,2,41.5792,C,Second,man,True,,Cherbourg,no,False,25.0,3.7513658711253766
0,3,male,14.0,4,1,39.6875,S,Third,child,False,,Southampton,no,False,14.0,3.705920919968788
0,3,male,19.0,0,0,10.1708,S,Third,man,True,,Southampton,no,True,19.0,2.4133032309283076
0,3,male,18.0,0,0,7.7958,S,Third,man,True,,Southampton,no,True,18.0,2.174274334826008
1,1,female,15.0,0,1,211.3375,S,First,child,False,B,Southampton,yes,False,15.0,5.35817698994543
1,1,male,31.0,1,0,57.0,S,First,man,True,B,Southampton,yes,False,31.0,4.060443010546419
1,3,female,4.0,0,1,13.4167,C,Third,child,False,,Cherbourg,yes,False,4.0,2.668387256845834
1,3,male,,0,0,56.4958,S,Third,man,True,,Southampton,yes,True,28.0,4.051711901657239
0,3,male,25.0,0,0,7.225,C,Third,man,True,,Cherbourg,no,True,25.0,2.1071782966514356
0,1,male,60.0,0,0,26.55,S,First,man,True,,Southampton,no,True,60.0,3.3160025355989236
0,2,male,52.0,0,0,13.5,S,Second,man,True,,Southampton,no,True,52.0,2.6741486494265287
0,3,male,44.0,0,0,8.05,S,Third,man,True,,Southampton,no,True,44.0,2.2027647577118348
1,3,female,,0,0,7.7333,Q,Third,woman,False,,Queenstown,yes,True,28.0,2.167143305297764
0,1,male,49.0,1,1,110.8833,C,First,man,True,C,Cherbourg,no,False,49.0,4.717456363787216
0,3,male,42.0,0,0,7.65,S,Third,man,True,F,Southampton,no,True,42.0,2.157559320943788
1,1,female,18.0,1,0,227.525,C,First,woman,False,C,Cherbourg,yes,False,18.0,5.4316456135398825
1,1,male,35.0,0,0,26.2875,S,First,man,True,E,Southampton,yes,True,35.0,3.3064287218760624
0,3,female,18.0,0,1,14.4542,C,Third,woman,False,,Cherbourg,no,False,18.0,2.737880811060884
0,3,male,25.0,0,0,7.7417,Q,Third,man,True,,Queenstown,no,True,25.0,2.1681046787623672
0,3,male,26.0,1,0,7.8542,S,Third,man,True,,Southampton,no,False,26.0,2.180891922715322
0,2,male,39.0,0,0,26.0,S,Second,man,True,,Southampton,no,True,39.0,3.295836866004329
1,2,female,45.0,0,0,13.5,S,Second,woman,False,,Southampton,yes,True,45.0,2.6741486494265287
1,1,male,42.0,0,0,26.2875,S,First,man,True,E,Southampton,yes,True,42.0,3.3064287218760624
1,1,female,22.0,0,0,151.55,S,First,woman,False,,Southampton,yes,True,22.0,5.027492411162679
1,3,male,,1,1,15.2458,C,Third,man,True,,Cherbourg,yes,False,28.0,2.7878344138303452
1,1,female,24.0,0,0,49.5042,C,First,woman,False,C,Cherbourg,yes,True,24.0,3.922056501139853
0,1,male,,0,0,26.55,S,First,man,True,C,Southampton,no,True,28.0,3.3160025355989236
1,1,male,48.0,1,0,52.0,S,First,man,True,C,Southampton,yes,False,48.0,3.970291913552122
0,3,male,29.0,0,0,9.4833,S,Third,man,True,,Southampton,no,True,29.0,2.3497835148230464
0,2,male,52.0,0,0,13.0,S,Second,man,True,,Southampton,no,True,52.0,2.639057329615259
0,3,male,19.0,0,0,7.65,S,Third,man,True,F,Southampton,no,True,19.0,2.157559320943788
1,1,female,38.0,0,0,227.525,C,First,woman,False,C,Cherbourg,yes,True,38.0,5.4316456135398825
1,2,female,27.0,0,0,10.5,S,Second,woman,False,E,Southampton,yes,True,27.0,2.4423470353692043
0,3,male,,0,0,15.5,Q,Third,man,True,,Queenstown,no,True,28.0,2.803360380906535
0,3,male,33.0,0,0,7.775,S,Third,man,True,,Southampton,no,True,33.0,2.1719067693519296
1,2,female,6.0,0,1,33.0,S,Second,child,False,,Southampton,yes,False,6.0,3.5263605246161616
0,3,male,17.0,1,0,7.0542,S,Third,man,True,,Southampton,no,False,17.0,2.086193694502369
0,2,male,34.0,0,0,13.0,S,Second,man,True,,Southampton,no,True,34.0,2.639057329615259
0,2,male,50.0,0,0,13.0,S,Second,man,True,,Southampton,no,True,50.0,2.639057329615259
1,1,male,27.0,1,0,53.1,S,First,man,True,E,Southampton,yes,False,27.0,3.9908341858524357
0,3,male,20.0,0,0,8.6625,S,Third,man,True,,Southampton,no,True,20.0,2.2682524139135403
1,2,female,30.0,3,0,21.0,S,Second,woman,False,,Southampton,yes,False,30.0,3.091042453358316
1,3,female,,0,0,7.7375,Q,Third,woman,False,,Queenstown,yes,True,28.0,2.1676241075599285
0,2,male,25.0,1,0,26.0,S,Second,man,True,,Southampton,no,False,25.0,3.295836866004329
0,3,female,25.0,1,0,7.925,S,Third,woman,False,,Southampton,no,False,25.0,2.188856327665703
1,1,female,29.0,0,0,211.3375,S,First,woman,False,B,Southampton,yes,True,29.0,5.35817698994543
0,3,male,11.0,0,0,18.7875,C,Third,child,False,,Cherbourg,no,True,11.0,2.9850504252071306
0,2,male,,0,0,0.0,S,Second,man,True,,Southampton,no,True,28.0,0.0
0,2,male,23.0,0,0,13.0,S,Second,man,True,,Southampton,no,True,23.0,2.639057329615259
0,2,male,23.0,0,0,13.0,S,Second,man,True,,Southampton,no,True,23.0,2.639057329615259
0,3,male,28.5,0,0,16.1,S,Third,man,True,,Southampton,no,True,28.5,2.8390784635086144
0,3,female,48.0,1,3,34.375,S,Third,woman,False,,Southampton,no,False,48.0,3.5660053559634015
1,1,male,35.0,0,0,512.3292,C,First,man,True,B,Cherbourg,yes,True,35.0,6.240917354759096
0,3,male,,0,0,7.8958,S,Third,man,True,,Southampton,no,True,28.0,2.1855792552411137
0,3,male,,0,0,7.8958,S,Third,man,True,,Southampton,no,True,28.0,2.1855792552411137
1,1,male,,0,0,30.0,S,First,man,True,D,Southampton,yes,True,28.0,3.4339872044851463
0,1,male,36.0,1,0,78.85,S,First,man,True,C,Southampton,no,False,36.0,4.380149874661021
1,1,female,21.0,2,2,262.375,C,First,woman,False,B,Cherbourg,yes,False,21.0,5.5735788721243535
0,3,male,24.0,1,0,16.1,S,Third,man,True,,Southampton,no,False,24.0,2.8390784635086144
1,3,male,31.0,0,0,7.925,S,Third,man,True,,Southampton,yes,True,31.0,2.188856327665703
0,1,male,70.0,1,1,71.0,S,First,man,True,B,Southampton,no,False,70.0,4.276666119016055
0,3,male,16.0,1,1,20.25,S,Third,man,True,,Southampton,no,False,16.0,3.056356895370426
1,2,female,30.0,0,0,13.0,S,Second,woman,False,,Southampton,yes,True,30.0,2.639057329615259
0,1,male,19.0,1,0,53.1,S,First,man,True,D,Southampton,no,False,19.0,3.9908341858524357
0,3,male,31.0,0,0,7.75,Q,Third,man,True,,Queenstown,no,True,31.0,2.169053700369523
1,2,female,4.0,1,1,23.0,S,Second,child,False,,Southampton,yes,False,4.0,3.1780538303479458
1,3,male,6.0,0,1,12.475,S,Third,child,False,E,Southampton,yes,False,6.0,2.600836116795061
0,3,male,33.0,0,0,9.5,S,Third,man,True,,Southampton,no,True,33.0,2.3513752571634776
0,3,male,23.0,0,0,7.8958,S,Third,man,True,,Southampton,no,True,23.0,2.1855792552411137
1,2,female,48.0,1,2,65.0,S,Second,woman,False,,Southampton,yes,False,48.0,4.189654742026425
1,2,male,0.67,1,1,14.5,S,Second,child,False,,Southampton,yes,False,0.67,2.740840023925201
0,3,male,28.0,0,0,7.7958,S,Third,man,True,,Southampton,no,True,28.0,2.174274334826008
0,2,male,18.0,0,0,11.5,S,Second,man,True,,Southampton,no,True,18.0,2.5257286443082556
0,3,male,34.0,0,0,8.05,S,Third,man,True,,Southampton,no,True,34.0,2.2027647577118348
1,1,female,33.0,0,0,86.5,S,First,woman,False,B,Southampton,yes,True,33.0,4.471638793363569
0,3,male,,0,0,14.5,S,Third,man,True,,Southampton,no,True,28.0,2.740840023925201
0,3,male,41.0,0,0,7.125,S,Third,man,True,,Southampton,no,True,41.0,2.094945728215801
1,3,male,20.0,0,0,7.2292,C,Third,man,True,,Cherbourg,yes,True,20.0,2.1076888046179385
1,1,female,36.0,1,2,120.0,S,First,woman,False,B,Southampton,yes,False,36.0,4.795790545596741
0,3,male,16.0,0,0,7.775,S,Third,man,True,,Southampton,no,True,16.0,2.1719067693519296
1,1,female,51.0,1,0,77.9583,S,First,woman,False,D,Southampton,yes,False,51.0,4.368919865004903
0,1,male,,0,0,39.6,C,First,man,True,,Cherbourg,no,True,28.0,3.703768066607687
0,3,female,30.5,0,0,7.75,Q,Third,woman,False,,Queenstown,no,True,30.5,2.169053700369523
0,3,male,,1,0,24.15,Q,Third,man,True,,Queenstown,no,False,28.0,3.224857896545748
0,3,male,32.0,0,0,8.3625,S,Third,man,True,,Southampton,no,True,32.0,2.236712348843338
0,3,male,24.0,0,0,9.5,S,Third,man,True,,Southampton,no,True,24.0,2.3513752571634776
0,3,male,48.0,0,0,7.8542,S,Third,man,True,,Southampton,no,True,48.0,2.180891922715322
0,2,female,57.0,0,0,10.5,S,Second,woman,False,E,Southampton,no,True,57.0,2.4423470353692043
0,3,male,,0,0,7.225,C,Third,man,True,,Cherbourg,no,True,28.0,2.1071782966514356
1,2,female,54.0,1,3,23.0,S,Second,woman,False,,Southampton,yes,False,54.0,3.1780538303479458
0,3,male,18.0,0,0,7.75,S,Third,man,True,,Southampton,no,True,18.0,2.169053700369523
0,3,male,,0,0,7.75,Q,Third,man,True,F,Queenstown,no,True,28.0,2.169053700369523
1,3,female,5.0,0,0,12.475,S,Third,child,False,,Southampton,yes,True,5.0,2.600836116795061
0,3,male,,0,0,7.7375,Q,Third,man,True,,Queenstown,no,True,28.0,2.1676241075599285
1,1,female,43.0,0,1,211.3375,S,First,woman,False,B,Southampton,yes,False,43.0,5.35817698994543
1,3,female,13.0,0,0,7.2292,C,Third,child,False,,Cherbourg,yes,True,13.0,2.1076888046179385
1,1,female,17.0,1,0,57.0,S,First,woman,False,B,Southampton,yes,False,17.0,4.060443010546419
0,1,male,29.0,0,0,30.0,S,First,man,True,D,Southampton,no,True,29.0,3.4339872044851463
0,3,male,,1,2,23.45,S,Third,man,True,,Southampton,no,False,28.0,3.196630215920881
0,3,male,25.0,0,0,7.05,S,Third,man,True,,Southampton,no,True,25.0,2.085672091430472
0,3,male,25.0,0,0,7.25,S,Third,man,True,,Southampton,no,True,25.0,2.1102132003465894
1,3,female,18.0,0,0,7.4958,S,Third,woman,False,,Southampton,yes,True,18.0,2.139571923732859
0,3,male,8.0,4,1,29.125,Q,Third,child,False,,Queenstown,no,False,8.0,3.405355391810819
1,3,male,1.0,1,2,20.575,S,Third,child,False,,Southampton,yes,False,1.0,3.0715352369694915
0,1,male,46.0,0,0,79.2,C,First,man,True,B,Cherbourg,no,True,46.0,4.384523514872469
0,3,male,,0,0,7.75,Q,Third,man,True,,Queenstown,no,True,28.0,2.169053700369523
0,2,male,16.0,0,0,26.0,S,Second,man,True,,Southampton,no,True,16.0,3.295836866004329
0,3,female,,8,2,69.55,S,Third,woman,False,,Southampton,no,False,28.0,4.256321678298823
0,1,male,,0,0,30.6958,C,First,man,True,,Cherbourg,no,True,28.0,3.4561841799918147
0,3,male,25.0,0,0,7.8958,S,Third,man,True,,Southampton,no,True,25.0,2.1855792552411137
0,2,male,39.0,0,0,13.0,S,Second,man,True,,Southampton,no,True,39.0,2.639057329615259
1,1,female,49.0,0,0,25.9292,S,First,woman,False,D,Southampton,yes,True,49.0,3.2932111997353943
1,3,female,31.0,0,0,8.6833,S,Third,woman,False,,Southampton,yes,True,31.0,2.270402752283094
0,3,male,30.0,0,0,7.2292,C,Third,man,True,,Cherbourg,no,True,30.0,2.1076888046179385
0,3,female,30.0,1,1,24.15,S,Third,woman,False,,Southampton,no,False,30.0,3.224857896545748
0,2,male,34.0,0,0,13.0,S,Second,man,True,,Southampton,no,True,34.0,2.639057329615259
1,2,female,31.0,1,1,26.25,S,Second,woman,False,,Southampton,yes,False,31.0,3.305053521109253
1,1,male,11.0,1,2,120.0,S,First,child,False,B,Southampton,yes,False,11.0,4.795790545596741
1,3,male,0.42,0,1,8.5167,C,Third,child,False,,Cherbourg,yes,False,0.42,2.2530481500547457
1,3,male,27.0,0,0,6.975,S,Third,man,True,,Southampton,yes,True,27.0,2.076311648670908
0,3,male,31.0,0,0,7.775,S,Third,man,True,,Southampton,no,True,31.0,2.1719067693519296
0,1,male,39.0,0,0,0.0,S,First,man,True,A,Southampton,no,True,39.0,0.0
0,3,female,18.0,0,0,7.775,S,Third,woman,False,,Southampton,no,True,18.0,2.1719067693519296
0,2,male,39.0,0,0,13.0,S,Second,man,True,,Southampton,no,True,39.0,2.639057329615259
1,1,female,33.0,1,0,53.1,S,First,woman,False,E,Southampton,yes,False,33.0,3.9908341858524357
0,3,male,26.0,0,0,7.8875,S,Third,man,True,,Southampton,no,True,26.0,2.1846457951293594
0,3,male,39.0,0,0,24.15,S,Third,man,True,,Southampton,no,True,39.0,3.224857896545748
0,2,male,35.0,0,0,10.5,S,Second,man,True,,Southampton,no,True,35.0,2.4423470353692043
0,3,female,6.0,4,2,31.275,S,Third,child,False,,Southampton,no,False,6.0,3.4742929367327062
0,3,male,30.5,0,0,8.05,S,Third,man,True,,Southampton,no,True,30.5,2.2027647577118348
0,1,male,,0,0,0.0,S,First,man,True,B,Southampton,no,True,28.0,0.0
0,3,female,23.0,0,0,7.925,S,Third,woman,False,,Southampton,no,True,23.0,2.188856327665703
0,2,male,31.0,1,1,37.0042,C,Second,man,True,,Cherbourg,no,False,31.0,3.637696679934592
0,3,male,43.0,0,0,6.45,S,Third,man,True,,Southampton,no,True,43.0,2.0082140323914683
0,3,male,10.0,3,2,27.9,S,Third,child,False,,Southampton,no,False,10.0,3.3638415951183864
1,1,female,52.0,1,1,93.5,S,First,woman,False,B,Southampton,yes,False,52.0,4.548599834499697
1,3,male,27.0,0,0,8.6625,S,Third,man,True,,Southampton,yes,True,27.0,2.2682524139135403
0,1,male,38.0,0,0,0.0,S,First,man,True,,Southampton,no,True,38.0,0.0
1,3,female,27.0,0,1,12.475,S,Third,woman,False,E,Southampton,yes,False,27.0,2.600836116795061
0,3,male,2.0,4,1,39.6875,S,Third,child,False,,Southampton,no,False,2.0,3.705920919968788
0,3,male,,0,0,6.95,Q,Third,man,True,,Queenstown,no,True,28.0,2.0731719286662407
0,3,male,,0,0,56.4958,S,Third,man,True,,Southampton,no,True,28.0,4.051711901657239
1,2,male,1.0,0,2,37.0042,C,Second,child,False,,Cherbourg,yes,False,1.0,3.637696679934592
1,3,male,,0,0,7.75,Q,Third,man,True,,Queenstown,yes,True,28.0,2.169053700369523
1,1,female,62.0,0,0,80.0,S,First,woman,False,B,,yes,True,62.0,4.394449154672439
1,3,female,15.0,1,0,14.4542,C,Third,child,False,,Cherbourg,yes,False,15.0,2.737880811060884
1,2,male,0.83,1,1,18.75,S,Second,child,False,,Southampton,yes,False,0.83,2.9831534913471307
0,3,male,,0,0,7.2292,C,Third,man,True,,Cherbourg,no,True,28.0,2.1076888046179385
0,3,male,23.0,0,0,7.8542,S,Third,man,True,,Southampton,no,True,23.0,2.180891922715322
0,3,male,18.0,0,0,8.3,S,Third,man,True,,Southampton,no,True,18.0,2.2300144001592104
1,1,female,39.0,1,1,83.1583,C,First,woman,False,E,Cherbourg,yes,False,39.0,4.432699549165613
0,3,male,21.0,0,0,8.6625,S,Third,man,True,,Southampton,no,True,21.0,2.2682524139135403
0,3,male,,0,0,8.05,S,Third,man,True,,Southampton,no,True,28.0,2.2027647577118348
1,3,male,32.0,0,0,56.4958,S,Third,man,True,,Southampton,yes,True,32.0,4.051711901657239
1,1,male,,0,0,29.7,C,First,man,True,C,Cherbourg,yes,True,28.0,3.4242626545931514
0,3,male,20.0,0,0,7.925,S,Third,man,True,,Southampton,no,True,20.0,2.188856327665703
0,2,male,16.0,0,0,10.5,S,Second,man,True,,Southampton,no,True,16.0,2.4423470353692043
1,1,female,30.0,0,0,31.0,C,First,woman,False,,Cherbourg,yes,True,30.0,3.4657359027997265
0,3,male,34.5,0,0,6.4375,C,Third,man,True,,Cherbourg,no,True,34.5,2.006534770871748
0,3,male,17.0,0,0,8.6625,S,Third,man,True,,Southampton,no,True,17.0,2.2682524139135403
0,3,male,42.0,0,0,7.55,S,Third,man,True,,Southampton,no,True,42.0,2.145931282948669
0,3,male,,8,2,69.55,S,Third,man,True,,Southampton,no,False,28.0,4.256321678298823
0,3,male,35.0,0,0,7.8958,C,Third,man,True,,Cherbourg,no,True,35.0,2.1855792552411137
0,2,male,28.0,0,1,33.0,S,Second,man,True,,Southampton,no,False,28.0,3.5263605246161616
1,1,female,,1,0,89.1042,C,First,woman,False,C,Cherbourg,yes,False,28.0,4.500966778400217
0,3,male,4.0,4,2,31.275,S,Third,child,False,,Southampton,no,False,4.0,3.4742929367327062
0,3,male,74.0,0,0,7.775,S,Third,man,True,,Southampton,no,True,74.0,2.1719067693519296
0,3,female,9.0,1,1,15.2458,C,Third,child,False,,Cherbourg,no,False,9.0,2.7878344138303452
1,1,female,16.0,0,1,39.4,S,First,woman,False,D,Southampton,yes,False,16.0,3.6988297849671046
0,2,female,44.0,1,0,26.0,S,Second,woman,False,,Southampton,no,False,44.0,3.295836866004329
1,3,female,18.0,0,1,9.35,S,Third,woman,False,,Southampton,yes,False,18.0,2.336986519711378
1,1,female,45.0,1,1,164.8667,S,First,woman,False,,Southampton,yes,False,45.0,5.11118445372147
1,1,male,51.0,0,0,26.55,S,First,man,True,E,Southampton,yes,True,51.0,3.3160025355989236
1,3,female,24.0,0,3,19.2583,C,Third,woman,False,,Cherbourg,yes,False,24.0,3.0085645861193133
0,3,male,,0,0,7.2292,C,Third,man,True,,Cherbourg,no,True,28.0,2.1076888046179385
0,3,male,41.0,2,0,14.1083,S,Third,man,True,,Southampton,no,False,41.0,2.7152442616824506
0,2,male,21.0,1,0,11.5,S,Second,man,True,,Southampton,no,False,21.0,2.5257286443082556
1,1,female,48.0,0,0,25.9292,S,First,woman,False,D,Southampton,yes,True,48.0,3.2932111997353943
0,3,female,,8,2,69.55,S,Third,woman,False,,Southampton,no,False,28.0,4.256321678298823
0,2,male,24.0,0,0,13.0,S,Second,man,True,,Southampton,no,True,24.0,2.639057329615259
1,2,female,42.0,0,0,13.0,S,Second,woman,False,,Southampton,yes,True,42.0,2.639057329615259
1,2,female,27.0,1,0,13.8583,C,Second,woman,False,,Cherbourg,yes,False,27.0,2.698558631668595
0,1,male,31.0,0,0,50.4958,S,First,man,True,A,Southampton,no,True,31.0,3.941500250945973
0,3,male,,0,0,9.5,S,Third,man,True,,Southampton,no,True,28.0,2.3513752571634776
1,3,male,4.0,1,1,11.1333,S,Third,child,False,,Southampton,yes,False,4.0,2.4959537387180646
0,3,male,26.0,0,0,7.8958,S,Third,man,True,,Southampton,no,True,26.0,2.1855792552411137
1,1,female,47.0,1,1,52.5542,S,First,woman,False,D,Southampton,yes,False,47.0,3.9806942251907276
0,1,male,33.0,0,0,5.0,S,First,man,True,B,Southampton,no,True,33.0,1.791759469228055
0,3,male,47.0,0,0,9.0,S,Third,man,True,,Southampton,no,True,47.0,2.302585092994046
1,2,female,28.0,1,0,24.0,C,Second,woman,False,,Cherbourg,yes,False,28.0,3.2188758248682006
1,3,female,15.0,0,0,7.225,C,Third,child,False,,Cherbourg,yes,True,15.0,2.1071782966514356
0,3,male,20.0,0,0,9.8458,S,Third,man,True,,Southampton,no,True,20.0,2.3837779082709787
0,3,male,19.0,0,0,7.8958,S,Third,man,True,,Southampton,no,True,19.0,2.1855792552411137
0,3,male,,0,0,7.8958,S,Third,man,True,,Southampton,no,True,28.0,2.1855792552411137
1,1,female,56.0,0,1,83.1583,C,First,woman,False,C,Cherbourg,yes,False,56.0,4.432699549165613
1,2,female,25.0,0,1,26.0,S,Second,woman,False,,Southampton,yes,False,25.0,3.295836866004329
0,3,male,33.0,0,0,7.8958,S,Third,man,True,,Southampton,no,True,33.0,2.1855792552411137
0,3,female,22.0,0,0,10.5167,S,Third,woman,False,,Southampton,no,True,22.0,2.4437981558973862
0,2,male,28.0,0,0,10.5,S,Second,man,True,,Southampton,no,True,28.0,2.4423470353692043
0,3,male,25.0,0,0,7.05,S,Third,man,True,,Southampton,no,True,25.0,2.085672091430472
0,3,female,39.0,0,5,29.125,Q,Third,woman,False,,Queenstown,no,False,39.0,3.405355391810819
0,2,male,27.0,0,0,13.0,S,Second,man,True,,Southampton,no,True,27.0,2.639057329615259
1,1,female,19.0,0,0,30.0,S,First,woman,False,B,Southampton,yes,True,19.0,3.4339872044851463
0,3,female,,1,2,23.45,S,Third,woman,False,,Southampton,no,False,28.0,3.196630215920881
1,1,male,26.0,0,0,30.0,C,First,man,True,C,Cherbourg,yes,True,26.0,3.4339872044851463
0,3,male,32.0,0,0,7.75,Q,Third,man,True,,Queenstown,no,True,32.0,2.169053700369523
